HITId,HITTypeId,Title,Description,Keywords,Reward,CreationTime,MaxAssignments,RequesterAnnotation,AssignmentDurationInSeconds,AutoApprovalDelayInSeconds,Expiration,NumberOfSimilarHITs,LifetimeInSeconds,AssignmentId,WorkerId,AssignmentStatus,AcceptTime,SubmitTime,AutoApprovalTime,ApprovalTime,RejectionTime,RequesterFeedback,WorkTimeInSeconds,LifetimeApprovalRate,Last30DaysApprovalRate,Last7DaysApprovalRate,Answer.surveycode,Approve,Reject
3LEG2HW4UFN2AI4OU5TZNTPBF07F2M,37GOL843ZOIG5BBI763GDYCPMUSWEX,Interactive verification of words,"Written words require comparison to spoken words. The connection should be accepted if they match, declined if they don't.","survey, demographics, experiment, cryptography",$0.90,Wed Aug 07 03:25:54 PDT 2019,9,BatchId:3728197;OriginalHitTemplateId:920937340;,2340,259200,Wed Aug 14 03:25:54 PDT 2019,,,3S3AMIZX3U5LW0GOQUSH0QQ07DQCDA,A17LF7GCAFYMSL,Approved,Wed Aug 07 03:26:10 PDT 2019,Wed Aug 07 03:49:57 PDT 2019,Sat Aug 10 03:49:57 PDT 2019,Wed Aug 07 03:53:13 PDT 2019,,,1427,100% (1/1),100% (1/1),100% (1/1),32b339eb-a6b1-4145-9990-83b4dc230eef,,
3LEG2HW4UFN2AI4OU5TZNTPBF07F2M,37GOL843ZOIG5BBI763GDYCPMUSWEX,Interactive verification of words,"Written words require comparison to spoken words. The connection should be accepted if they match, declined if they don't.","survey, demographics, experiment, cryptography",$0.90,Wed Aug 07 03:25:54 PDT 2019,9,BatchId:3728197;OriginalHitTemplateId:920937340;,2340,259200,Wed Aug 14 03:25:54 PDT 2019,,,3JC6VJ2SABJ2Z84XRAE7WJCKUT75AT,A2IGPW784OFV3D,Approved,Wed Aug 07 04:05:38 PDT 2019,Wed Aug 07 04:12:55 PDT 2019,Sat Aug 10 04:12:55 PDT 2019,Wed Aug 07 04:52:27 PDT 2019,,,437,100% (1/1),100% (1/1),100% (1/1),90f92a8e-c7a0-472b-8000-5cfe5706c8ae,,
3LEG2HW4UFN2AI4OU5TZNTPBF07F2M,37GOL843ZOIG5BBI763GDYCPMUSWEX,Interactive verification of words,"Written words require comparison to spoken words. The connection should be accepted if they match, declined if they don't.","survey, demographics, experiment, cryptography",$0.90,Wed Aug 07 03:25:54 PDT 2019,9,BatchId:3728197;OriginalHitTemplateId:920937340;,2340,259200,Wed Aug 14 03:25:54 PDT 2019,,,31IBVUNM9SZETT0K8HICEIHA4XOVF5,A27NBGO9FXJS8Q,Approved,Wed Aug 07 03:51:57 PDT 2019,Wed Aug 07 04:13:34 PDT 2019,Sat Aug 10 04:13:34 PDT 2019,Wed Aug 07 04:52:27 PDT 2019,,,1297,100% (1/1),100% (1/1),100% (1/1),c6528e1a-b43d-4328-bf9f-ad6e241cd3e8,,
3LEG2HW4UFN2AI4OU5TZNTPBF07F2M,37GOL843ZOIG5BBI763GDYCPMUSWEX,Interactive verification of words,"Written words require comparison to spoken words. The connection should be accepted if they match, declined if they don't.","survey, demographics, experiment, cryptography",$0.90,Wed Aug 07 03:25:54 PDT 2019,9,BatchId:3728197;OriginalHitTemplateId:920937340;,2340,259200,Wed Aug 14 03:25:54 PDT 2019,,,3TU5ZICBRD1D96UGE4IWY31G01Y8Q9,A2WGW5Y3ZFBDEC,Approved,Wed Aug 07 04:05:59 PDT 2019,Wed Aug 07 04:26:16 PDT 2019,Sat Aug 10 04:26:16 PDT 2019,Wed Aug 07 04:52:28 PDT 2019,,,1217,100% (2/2),100% (2/2),100% (2/2),86d2c509-76c9-46d2-b577-a2ef8e58a74c,,
3LEG2HW4UFN2AI4OU5TZNTPBF07F2M,37GOL843ZOIG5BBI763GDYCPMUSWEX,Interactive verification of words,"Written words require comparison to spoken words. The connection should be accepted if they match, declined if they don't.","survey, demographics, experiment, cryptography",$0.90,Wed Aug 07 03:25:54 PDT 2019,9,BatchId:3728197;OriginalHitTemplateId:920937340;,2340,259200,Wed Aug 14 03:25:54 PDT 2019,,,3300DTYQT2HUI747R74WQDX2B4SEQA,A1V2H0UF94ATWY,Approved,Wed Aug 07 04:40:13 PDT 2019,Wed Aug 07 04:47:45 PDT 2019,Sat Aug 10 04:47:45 PDT 2019,Wed Aug 07 04:52:27 PDT 2019,,,452,100% (1/1),100% (1/1),100% (1/1),6705ee1d-7cbe-4c68-a18c-9fc8133742b1,,
3LEG2HW4UFN2AI4OU5TZNTPBF07F2M,37GOL843ZOIG5BBI763GDYCPMUSWEX,Interactive verification of words,"Written words require comparison to spoken words. The connection should be accepted if they match, declined if they don't.","survey, demographics, experiment, cryptography",$0.90,Wed Aug 07 03:25:54 PDT 2019,9,BatchId:3728197;OriginalHitTemplateId:920937340;,2340,259200,Wed Aug 14 03:25:54 PDT 2019,,,3MYYFCXHJ37LDGD0Z5N7NDH9SSWG4I,A3F8G26PENQ6EO,Approved,Wed Aug 07 04:45:47 PDT 2019,Wed Aug 07 04:53:33 PDT 2019,Sat Aug 10 04:53:33 PDT 2019,Wed Aug 07 04:58:03 PDT 2019,,,466,100% (1/1),100% (1/1),100% (1/1),b0069df4-053e-41e9-a356-baafee7c3854,,
3LEG2HW4UFN2AI4OU5TZNTPBF07F2M,37GOL843ZOIG5BBI763GDYCPMUSWEX,Interactive verification of words,"Written words require comparison to spoken words. The connection should be accepted if they match, declined if they don't.","survey, demographics, experiment, cryptography",$0.90,Wed Aug 07 03:25:54 PDT 2019,9,BatchId:3728197;OriginalHitTemplateId:920937340;,2340,259200,Wed Aug 14 03:25:54 PDT 2019,,,3C44YUNSI1P4QPPSVZENKQP76WCDPW,A2VFEDAK5C1E1O,Approved,Wed Aug 07 04:45:25 PDT 2019,Wed Aug 07 04:54:17 PDT 2019,Sat Aug 10 04:54:17 PDT 2019,Wed Aug 07 04:57:46 PDT 2019,,,532,100% (1/1),100% (1/1),100% (1/1),dc6ee4d4-eac2-46b8-a714-4c73160ddad1,,
3LEG2HW4UFN2AI4OU5TZNTPBF07F2M,37GOL843ZOIG5BBI763GDYCPMUSWEX,Interactive verification of words,"Written words require comparison to spoken words. The connection should be accepted if they match, declined if they don't.","survey, demographics, experiment, cryptography",$0.90,Wed Aug 07 03:25:54 PDT 2019,9,BatchId:3728197;OriginalHitTemplateId:920937340;,2340,259200,Wed Aug 14 03:25:54 PDT 2019,,,33M4IA01QG1308AOZRJOJSSENWHRX9,A1DS5O8MSI3ZH0,Approved,Wed Aug 07 05:38:32 PDT 2019,Wed Aug 07 05:49:29 PDT 2019,Sat Aug 10 05:49:29 PDT 2019,Wed Aug 07 05:56:53 PDT 2019,,,657,100% (1/1),100% (1/1),100% (1/1),7ebddbc2-c6fa-4a3d-9590-d92468750f19,,
3LEG2HW4UFN2AI4OU5TZNTPBF07F2M,37GOL843ZOIG5BBI763GDYCPMUSWEX,Interactive verification of words,"Written words require comparison to spoken words. The connection should be accepted if they match, declined if they don't.","survey, demographics, experiment, cryptography",$0.90,Wed Aug 07 03:25:54 PDT 2019,9,BatchId:3728197;OriginalHitTemplateId:920937340;,2340,259200,Wed Aug 14 03:25:54 PDT 2019,,,3DY46V3X3PI5T2SGWENQO8WY2FF55W,A2UUKFTD0VUX2S,Approved,Wed Aug 07 06:08:22 PDT 2019,Wed Aug 07 06:21:57 PDT 2019,Sat Aug 10 06:21:57 PDT 2019,Wed Aug 07 06:32:37 PDT 2019,,,815,100% (1/1),100% (1/1),100% (1/1),e9e902c2-f807-4da1-a2de-b7a12baa8132,,
30EV7DWJTVVWSA4KMXXQ2RD31G0Y6K,37GOL843ZOIG5BBI763GDYCPMUSWEX,Interactive verification of words,"Written words require comparison to spoken words. The connection should be accepted if they match, declined if they don't.","survey, demographics, experiment, cryptography",$0.90,Wed Aug 07 06:33:07 PDT 2019,9,BatchId:3728358;OriginalHitTemplateId:920937340;,2340,259200,Wed Aug 07 06:34:18 PDT 2019,,,3300DTYQT2HUI747R74WQDX2B4DEQV,A2EED3HLTA96CP,Approved,Wed Aug 07 06:33:21 PDT 2019,Wed Aug 07 06:51:15 PDT 2019,Sat Aug 10 06:51:15 PDT 2019,Wed Aug 07 07:23:16 PDT 2019,,,1074,100% (1/1),100% (1/1),100% (1/1),427cef1f-9300-4421-a64b-8ed7bed5f289,,
30EV7DWJTVVWSA4KMXXQ2RD31G0Y6K,37GOL843ZOIG5BBI763GDYCPMUSWEX,Interactive verification of words,"Written words require comparison to spoken words. The connection should be accepted if they match, declined if they don't.","survey, demographics, experiment, cryptography",$0.90,Wed Aug 07 06:33:07 PDT 2019,9,BatchId:3728358;OriginalHitTemplateId:920937340;,2340,259200,Wed Aug 07 06:34:18 PDT 2019,,,3CP1TO84PT1DU59TEVLSQ1TMI50527,A1BHR5XQ16T7LA,Approved,Wed Aug 07 06:33:22 PDT 2019,Wed Aug 07 06:41:41 PDT 2019,Sat Aug 10 06:41:41 PDT 2019,Wed Aug 07 06:48:13 PDT 2019,,,499,100% (1/1),100% (1/1),100% (1/1),c4abb97f-6703-486a-9883-ef0ad8f17979,,
30EV7DWJTVVWSA4KMXXQ2RD31G0Y6K,37GOL843ZOIG5BBI763GDYCPMUSWEX,Interactive verification of words,"Written words require comparison to spoken words. The connection should be accepted if they match, declined if they don't.","survey, demographics, experiment, cryptography",$0.90,Wed Aug 07 06:33:07 PDT 2019,9,BatchId:3728358;OriginalHitTemplateId:920937340;,2340,259200,Wed Aug 07 06:34:18 PDT 2019,,,3KJYX6QCM9BUYVMGR79XTG92X4OJVF,A3CWW9DIL73I14,Approved,Wed Aug 07 06:33:21 PDT 2019,Wed Aug 07 06:55:13 PDT 2019,Sat Aug 10 06:55:13 PDT 2019,Wed Aug 07 07:23:32 PDT 2019,,,1312,100% (1/1),100% (1/1),100% (1/1),76102b45-e76a-4aaa-8142-07d627158ee9,,
30EV7DWJTVVWSA4KMXXQ2RD31G0Y6K,37GOL843ZOIG5BBI763GDYCPMUSWEX,Interactive verification of words,"Written words require comparison to spoken words. The connection should be accepted if they match, declined if they don't.","survey, demographics, experiment, cryptography",$0.90,Wed Aug 07 06:33:07 PDT 2019,9,BatchId:3728358;OriginalHitTemplateId:920937340;,2340,259200,Wed Aug 07 06:34:18 PDT 2019,,,3Q5C1WP23M165KRXVRLELIJHQZM51Q,AMYHVU1VHLS7B,Approved,Wed Aug 07 06:33:19 PDT 2019,Wed Aug 07 06:44:55 PDT 2019,Sat Aug 10 06:44:55 PDT 2019,Wed Aug 07 06:49:33 PDT 2019,,,696,100% (1/1),100% (1/1),100% (1/1),5af82ec1-002e-43f5-ba9e-c46cb9d69238,,
30EV7DWJTVVWSA4KMXXQ2RD31G0Y6K,37GOL843ZOIG5BBI763GDYCPMUSWEX,Interactive verification of words,"Written words require comparison to spoken words. The connection should be accepted if they match, declined if they don't.","survey, demographics, experiment, cryptography",$0.90,Wed Aug 07 06:33:07 PDT 2019,9,BatchId:3728358;OriginalHitTemplateId:920937340;,2340,259200,Wed Aug 07 06:34:18 PDT 2019,,,3XM0HYN6NKZ9IV3SRUP7Q87S68REP4,A1P3J34DH57JNB,Approved,Wed Aug 07 06:33:21 PDT 2019,Wed Aug 07 06:48:16 PDT 2019,Sat Aug 10 06:48:16 PDT 2019,Wed Aug 07 06:49:51 PDT 2019,,,895,100% (1/1),100% (1/1),100% (1/1),7ce9d30c-84fe-4394-84a3-8da849fe9ce9,,
3WA2XVDZEMHYM5NTMWLWVOLNJ4W6EE,37GOL843ZOIG5BBI763GDYCPMUSWEX,Interactive verification of words,"Written words require comparison to spoken words. The connection should be accepted if they match, declined if they don't.","survey, demographics, experiment, cryptography",$0.90,Wed Aug 07 06:41:24 PDT 2019,9,BatchId:3728367;OriginalHitTemplateId:920937340;,2340,259200,Wed Aug 14 06:41:24 PDT 2019,,,34X6J5FLPTY2TNQZ58FNNTAUGDAQJV,AJW3PL5UDH4BP,Approved,Wed Aug 07 07:08:53 PDT 2019,Wed Aug 07 07:16:12 PDT 2019,Sat Aug 10 07:16:12 PDT 2019,Wed Aug 07 07:19:29 PDT 2019,,,439,100% (1/1),100% (1/1),100% (1/1),6adb1d8f-b90a-4544-b57d-d08c14cb0914,,
3WA2XVDZEMHYM5NTMWLWVOLNJ4W6EE,37GOL843ZOIG5BBI763GDYCPMUSWEX,Interactive verification of words,"Written words require comparison to spoken words. The connection should be accepted if they match, declined if they don't.","survey, demographics, experiment, cryptography",$0.90,Wed Aug 07 06:41:24 PDT 2019,9,BatchId:3728367;OriginalHitTemplateId:920937340;,2340,259200,Wed Aug 14 06:41:24 PDT 2019,,,3EF8EXOTT1VECJ6IKTP8MS2M81IJ1T,ABMPX2Y2IRBMG,Approved,Wed Aug 07 06:41:31 PDT 2019,Wed Aug 07 07:00:11 PDT 2019,Sat Aug 10 07:00:11 PDT 2019,Wed Aug 07 07:19:53 PDT 2019,,,1120,100% (1/1),100% (1/1),100% (1/1),bb3aabf0-4708-48da-9830-054eec65c3b7,,
3WA2XVDZEMHYM5NTMWLWVOLNJ4W6EE,37GOL843ZOIG5BBI763GDYCPMUSWEX,Interactive verification of words,"Written words require comparison to spoken words. The connection should be accepted if they match, declined if they don't.","survey, demographics, experiment, cryptography",$0.90,Wed Aug 07 06:41:24 PDT 2019,9,BatchId:3728367;OriginalHitTemplateId:920937340;,2340,259200,Wed Aug 14 06:41:24 PDT 2019,,,3EWIJTFFVO76UEZ8A9AHB76KY1GE00,A1GIIPCG4JB7R5,Approved,Wed Aug 07 07:14:22 PDT 2019,Wed Aug 07 07:26:58 PDT 2019,Sat Aug 10 07:26:58 PDT 2019,Wed Aug 07 07:55:06 PDT 2019,,,756,100% (1/1),100% (1/1),100% (1/1),631b9452-457e-4b43-9b7b-913a87d06a72,,
3WA2XVDZEMHYM5NTMWLWVOLNJ4W6EE,37GOL843ZOIG5BBI763GDYCPMUSWEX,Interactive verification of words,"Written words require comparison to spoken words. The connection should be accepted if they match, declined if they don't.","survey, demographics, experiment, cryptography",$0.90,Wed Aug 07 06:41:24 PDT 2019,9,BatchId:3728367;OriginalHitTemplateId:920937340;,2340,259200,Wed Aug 14 06:41:24 PDT 2019,,,3FIJLY1B6U41O93OM59D8QSSIAHFP0,A30UE6DWFNUCWX,Approved,Wed Aug 07 08:08:31 PDT 2019,Wed Aug 07 08:27:08 PDT 2019,Sat Aug 10 08:27:08 PDT 2019,Wed Aug 07 08:41:12 PDT 2019,,,1117,100% (1/1),100% (1/1),100% (1/1),1a0dc2ae-e992-4d8a-886c-7021d3e88767,,
3WA2XVDZEMHYM5NTMWLWVOLNJ4W6EE,37GOL843ZOIG5BBI763GDYCPMUSWEX,Interactive verification of words,"Written words require comparison to spoken words. The connection should be accepted if they match, declined if they don't.","survey, demographics, experiment, cryptography",$0.90,Wed Aug 07 06:41:24 PDT 2019,9,BatchId:3728367;OriginalHitTemplateId:920937340;,2340,259200,Wed Aug 14 06:41:24 PDT 2019,,,3I2PTA7R3TUX47WHNTFZO8A7V2AQKU,AYW62R027PUT1,Approved,Wed Aug 07 06:41:31 PDT 2019,Wed Aug 07 06:51:47 PDT 2019,Sat Aug 10 06:51:47 PDT 2019,Wed Aug 07 07:54:05 PDT 2019,Wed Aug 07 07:22:42 PDT 2019,,616,100% (1/1),100% (1/1),100% (1/1),9bd7e27a-8586-412f-aedc-295f4f28cbba,,
3WA2XVDZEMHYM5NTMWLWVOLNJ4W6EE,37GOL843ZOIG5BBI763GDYCPMUSWEX,Interactive verification of words,"Written words require comparison to spoken words. The connection should be accepted if they match, declined if they don't.","survey, demographics, experiment, cryptography",$0.90,Wed Aug 07 06:41:24 PDT 2019,9,BatchId:3728367;OriginalHitTemplateId:920937340;,2340,259200,Wed Aug 14 06:41:24 PDT 2019,,,3KJYX6QCM9BUYVMGR79XTG92X5PVJU,ACVEFRSUAPSEQ,Approved,Wed Aug 07 06:41:27 PDT 2019,Wed Aug 07 06:50:07 PDT 2019,Sat Aug 10 06:50:07 PDT 2019,Wed Aug 07 07:20:43 PDT 2019,,,520,100% (1/1),100% (1/1),100% (1/1),0456293d-91b9-45b5-b9d7-bb46e26581b0,,
3WA2XVDZEMHYM5NTMWLWVOLNJ4W6EE,37GOL843ZOIG5BBI763GDYCPMUSWEX,Interactive verification of words,"Written words require comparison to spoken words. The connection should be accepted if they match, declined if they don't.","survey, demographics, experiment, cryptography",$0.90,Wed Aug 07 06:41:24 PDT 2019,9,BatchId:3728367;OriginalHitTemplateId:920937340;,2340,259200,Wed Aug 14 06:41:24 PDT 2019,,,3LS2AMNW5FQGUYHWLL7SVPRGF7KOQC,A279HK0GY9PIJ0,Approved,Wed Aug 07 07:20:44 PDT 2019,Wed Aug 07 07:32:28 PDT 2019,Sat Aug 10 07:32:28 PDT 2019,Wed Aug 07 07:55:28 PDT 2019,,,704,100% (1/1),100% (1/1),100% (1/1),23f52f1d-d73d-484d-81c8-92877cb57582,,
3WA2XVDZEMHYM5NTMWLWVOLNJ4W6EE,37GOL843ZOIG5BBI763GDYCPMUSWEX,Interactive verification of words,"Written words require comparison to spoken words. The connection should be accepted if they match, declined if they don't.","survey, demographics, experiment, cryptography",$0.90,Wed Aug 07 06:41:24 PDT 2019,9,BatchId:3728367;OriginalHitTemplateId:920937340;,2340,259200,Wed Aug 14 06:41:24 PDT 2019,,,3MH9DQ757WCKUE7FEBEP0HF3R6ZGUM,A3M8O363B3IAKE,Approved,Wed Aug 07 06:41:31 PDT 2019,Wed Aug 07 07:02:02 PDT 2019,Sat Aug 10 07:02:02 PDT 2019,Wed Aug 07 07:21:02 PDT 2019,,,1231,100% (1/1),100% (1/1),100% (1/1),232d087b-82bd-4d3e-818b-fd683f565a20,,
3WA2XVDZEMHYM5NTMWLWVOLNJ4W6EE,37GOL843ZOIG5BBI763GDYCPMUSWEX,Interactive verification of words,"Written words require comparison to spoken words. The connection should be accepted if they match, declined if they don't.","survey, demographics, experiment, cryptography",$0.90,Wed Aug 07 06:41:24 PDT 2019,9,BatchId:3728367;OriginalHitTemplateId:920937340;,2340,259200,Wed Aug 14 06:41:24 PDT 2019,,,3X1FV8S5JXRK7TWFJ1OUW3HM5D8GVB,A2BXQ8SZLFQF4D,Approved,Wed Aug 07 07:27:04 PDT 2019,Wed Aug 07 07:57:18 PDT 2019,Sat Aug 10 07:57:18 PDT 2019,Wed Aug 07 08:01:54 PDT 2019,,,1814,100% (1/1),100% (1/1),100% (1/1),2148ce07-c24b-44cf-94ff-0da27d83c2fc,,
3G57RS03HH5A8LBZOTGQ1HYYQ6Z52Z,37GOL843ZOIG5BBI763GDYCPMUSWEX,Interactive verification of words,"Written words require comparison to spoken words. The connection should be accepted if they match, declined if they don't.","survey, demographics, experiment, cryptography",$0.90,Wed Aug 07 11:55:09 PDT 2019,9,BatchId:3728729;OriginalHitTemplateId:920937340;,2340,259200,Wed Aug 14 11:55:09 PDT 2019,,,33FOTY3KEMLR450CA18MZOPRIIHC1I,A3MYPYBVHX7FQ2,Approved,Wed Aug 07 12:34:32 PDT 2019,Wed Aug 07 12:44:47 PDT 2019,Sat Aug 10 12:44:47 PDT 2019,Wed Aug 07 13:13:40 PDT 2019,,,615,100% (1/1),100% (1/1),100% (1/1),79083137-07ab-42dd-ba63-1c87e4d37ab8,,
3G57RS03HH5A8LBZOTGQ1HYYQ6Z52Z,37GOL843ZOIG5BBI763GDYCPMUSWEX,Interactive verification of words,"Written words require comparison to spoken words. The connection should be accepted if they match, declined if they don't.","survey, demographics, experiment, cryptography",$0.90,Wed Aug 07 11:55:09 PDT 2019,9,BatchId:3728729;OriginalHitTemplateId:920937340;,2340,259200,Wed Aug 14 11:55:09 PDT 2019,,,34Z02EIMISD8JXH504ZCAT6L1CU0T5,A37VBAMFEQKJO4,Approved,Wed Aug 07 13:56:15 PDT 2019,Wed Aug 07 14:13:33 PDT 2019,Sat Aug 10 14:13:33 PDT 2019,Thu Aug 08 01:23:48 PDT 2019,,,1038,100% (1/1),100% (1/1),100% (1/1),aa96613f-3f28-430b-822d-dc912b1ce992,,
3G57RS03HH5A8LBZOTGQ1HYYQ6Z52Z,37GOL843ZOIG5BBI763GDYCPMUSWEX,Interactive verification of words,"Written words require comparison to spoken words. The connection should be accepted if they match, declined if they don't.","survey, demographics, experiment, cryptography",$0.90,Wed Aug 07 11:55:09 PDT 2019,9,BatchId:3728729;OriginalHitTemplateId:920937340;,2340,259200,Wed Aug 14 11:55:09 PDT 2019,,,37FMASSAYCRJU64448XXG30VHZ3BID,A7YK2E0G9N9HC,Approved,Wed Aug 07 13:08:39 PDT 2019,Wed Aug 07 13:20:35 PDT 2019,Sat Aug 10 13:20:35 PDT 2019,Thu Aug 08 01:23:48 PDT 2019,,,716,100% (1/1),100% (1/1),100% (1/1),025e2e91-cd5e-41bf-b08b-b5fc4737604f,,
3G57RS03HH5A8LBZOTGQ1HYYQ6Z52Z,37GOL843ZOIG5BBI763GDYCPMUSWEX,Interactive verification of words,"Written words require comparison to spoken words. The connection should be accepted if they match, declined if they don't.","survey, demographics, experiment, cryptography",$0.90,Wed Aug 07 11:55:09 PDT 2019,9,BatchId:3728729;OriginalHitTemplateId:920937340;,2340,259200,Wed Aug 14 11:55:09 PDT 2019,,,39LNWE0K4UWYQ5DA4ZESLTSJ6KEIU5,A2G7DTL156PTKA,Approved,Wed Aug 07 13:37:04 PDT 2019,Wed Aug 07 14:08:36 PDT 2019,Sat Aug 10 14:08:36 PDT 2019,Thu Aug 08 01:23:48 PDT 2019,,,1892,100% (1/1),100% (1/1),100% (1/1),19758213-7d4e-4756-b2c4-e763ec680c45,,
3G57RS03HH5A8LBZOTGQ1HYYQ6Z52Z,37GOL843ZOIG5BBI763GDYCPMUSWEX,Interactive verification of words,"Written words require comparison to spoken words. The connection should be accepted if they match, declined if they don't.","survey, demographics, experiment, cryptography",$0.90,Wed Aug 07 11:55:09 PDT 2019,9,BatchId:3728729;OriginalHitTemplateId:920937340;,2340,259200,Wed Aug 14 11:55:09 PDT 2019,,,3A0EX8ZRN8O5K6J98QJ02RUJ7IQBY8,A2I2M82BJGHZ04,Approved,Wed Aug 07 11:55:11 PDT 2019,Wed Aug 07 12:04:35 PDT 2019,Sat Aug 10 12:04:35 PDT 2019,Wed Aug 07 12:25:17 PDT 2019,,,564,100% (1/1),100% (1/1),100% (1/1),e836bb4c-39ef-4ad2-9e49-741be82be473,,
3G57RS03HH5A8LBZOTGQ1HYYQ6Z52Z,37GOL843ZOIG5BBI763GDYCPMUSWEX,Interactive verification of words,"Written words require comparison to spoken words. The connection should be accepted if they match, declined if they don't.","survey, demographics, experiment, cryptography",$0.90,Wed Aug 07 11:55:09 PDT 2019,9,BatchId:3728729;OriginalHitTemplateId:920937340;,2340,259200,Wed Aug 14 11:55:09 PDT 2019,,,3A0EX8ZRN8O5K6J98QJ02RUJ7IXBYF,ACAJFF4MF5S5X,Approved,Wed Aug 07 12:35:54 PDT 2019,Wed Aug 07 12:56:36 PDT 2019,Sat Aug 10 12:56:36 PDT 2019,Wed Aug 07 13:13:40 PDT 2019,,,1242,100% (1/1),100% (1/1),100% (1/1),85277a1d-7cc1-4716-a609-f8af1b4eb541,,
3G57RS03HH5A8LBZOTGQ1HYYQ6Z52Z,37GOL843ZOIG5BBI763GDYCPMUSWEX,Interactive verification of words,"Written words require comparison to spoken words. The connection should be accepted if they match, declined if they don't.","survey, demographics, experiment, cryptography",$0.90,Wed Aug 07 11:55:09 PDT 2019,9,BatchId:3728729;OriginalHitTemplateId:920937340;,2340,259200,Wed Aug 14 11:55:09 PDT 2019,,,3P1L2B7AD1P5311JTGZWE3SM525OLX,A2EJOI2VIRMIR,Approved,Wed Aug 07 11:55:12 PDT 2019,Wed Aug 07 12:16:33 PDT 2019,Sat Aug 10 12:16:33 PDT 2019,Wed Aug 07 12:25:17 PDT 2019,,,1281,100% (1/1),100% (1/1),100% (1/1),437a3b0b-0adb-425c-8c0d-89249995c964,,
3G57RS03HH5A8LBZOTGQ1HYYQ6Z52Z,37GOL843ZOIG5BBI763GDYCPMUSWEX,Interactive verification of words,"Written words require comparison to spoken words. The connection should be accepted if they match, declined if they don't.","survey, demographics, experiment, cryptography",$0.90,Wed Aug 07 11:55:09 PDT 2019,9,BatchId:3728729;OriginalHitTemplateId:920937340;,2340,259200,Wed Aug 14 11:55:09 PDT 2019,,,3VE8AYVF8MXGIH470O72M4X2T1UF8V,ASWUMQF7O1GW5,Rejected,Wed Aug 07 13:35:28 PDT 2019,Wed Aug 07 14:09:05 PDT 2019,Sat Aug 10 14:09:05 PDT 2019,,Thu Aug 08 01:24:37 PDT 2019,Just clicked through the experiment. Did not complete the vast majority of rounds correctly as the blue audio button was not pressed,2017,50% (1/2),50% (1/2),50% (1/2),80306576-870e-41aa-a8a9-1f39e290a849,,
3G57RS03HH5A8LBZOTGQ1HYYQ6Z52Z,37GOL843ZOIG5BBI763GDYCPMUSWEX,Interactive verification of words,"Written words require comparison to spoken words. The connection should be accepted if they match, declined if they don't.","survey, demographics, experiment, cryptography",$0.90,Wed Aug 07 11:55:09 PDT 2019,9,BatchId:3728729;OriginalHitTemplateId:920937340;,2340,259200,Wed Aug 14 11:55:09 PDT 2019,,,3X4MXAO0BGOOB85YPMN2H9E7EWTRW2,A3MHKFOJIXO7QN,Rejected,Wed Aug 07 12:36:15 PDT 2019,Wed Aug 07 12:43:08 PDT 2019,Sat Aug 10 12:43:08 PDT 2019,,Wed Aug 07 13:13:34 PDT 2019,Just clicked through the experiment without clicking the blue audio button.,413,0% (0/1),0% (0/1),0% (0/1),d237dc0e-e26d-43a8-8e29-ad54ca36dfc8,,
3WKGUBL7SZMYDOT7KUFLBLRTWBAL4G,37GOL843ZOIG5BBI763GDYCPMUSWEX,Interactive verification of words,"Written words require comparison to spoken words. The connection should be accepted if they match, declined if they don't.","survey, demographics, experiment, cryptography",$0.90,Thu Aug 08 01:29:33 PDT 2019,9,BatchId:3729261;OriginalHitTemplateId:920937340;,2340,259200,Thu Aug 15 01:29:33 PDT 2019,,,33LK57MYLT546IAGFY7E6NDLH3SZS6,APL2VQM32UG4X,Approved,Thu Aug 08 01:35:26 PDT 2019,Thu Aug 08 01:44:14 PDT 2019,Sun Aug 11 01:44:14 PDT 2019,Thu Aug 08 01:49:45 PDT 2019,,,528,100% (1/1),100% (1/1),100% (1/1),e4b8fee0-d552-403d-9b32-b1f17f76d113,,
3WKGUBL7SZMYDOT7KUFLBLRTWBAL4G,37GOL843ZOIG5BBI763GDYCPMUSWEX,Interactive verification of words,"Written words require comparison to spoken words. The connection should be accepted if they match, declined if they don't.","survey, demographics, experiment, cryptography",$0.90,Thu Aug 08 01:29:33 PDT 2019,9,BatchId:3729261;OriginalHitTemplateId:920937340;,2340,259200,Thu Aug 15 01:29:33 PDT 2019,,,37Z929RLG988K61H96IWKZC4W7DTSR,A1WJU1IQ3UTRC6,Approved,Thu Aug 08 02:50:40 PDT 2019,Thu Aug 08 02:57:12 PDT 2019,Sun Aug 11 02:57:12 PDT 2019,Thu Aug 08 03:51:29 PDT 2019,,,392,100% (1/1),100% (1/1),100% (1/1),0a828587-4e32-4efb-bb1c-da950fdf8f13,,
3WKGUBL7SZMYDOT7KUFLBLRTWBAL4G,37GOL843ZOIG5BBI763GDYCPMUSWEX,Interactive verification of words,"Written words require comparison to spoken words. The connection should be accepted if they match, declined if they don't.","survey, demographics, experiment, cryptography",$0.90,Thu Aug 08 01:29:33 PDT 2019,9,BatchId:3729261;OriginalHitTemplateId:920937340;,2340,259200,Thu Aug 15 01:29:33 PDT 2019,,,3HYA4D452RJ5W22IK7Y1CDKZ743F2Z,A3UN1F1EOHKKE6,Approved,Thu Aug 08 02:09:45 PDT 2019,Thu Aug 08 02:35:13 PDT 2019,Sun Aug 11 02:35:13 PDT 2019,Thu Aug 08 02:36:18 PDT 2019,,,1528,100% (1/1),100% (1/1),100% (1/1),a52b112e-8f2b-47e4-9b08-a7b2ec08f3a3,,
3WKGUBL7SZMYDOT7KUFLBLRTWBAL4G,37GOL843ZOIG5BBI763GDYCPMUSWEX,Interactive verification of words,"Written words require comparison to spoken words. The connection should be accepted if they match, declined if they don't.","survey, demographics, experiment, cryptography",$0.90,Thu Aug 08 01:29:33 PDT 2019,9,BatchId:3729261;OriginalHitTemplateId:920937340;,2340,259200,Thu Aug 15 01:29:33 PDT 2019,,,3K772S5NP8BH5E548HH2HZ51KM6HE1,A5X1KZ9CCHREK,Approved,Thu Aug 08 02:11:24 PDT 2019,Thu Aug 08 02:33:52 PDT 2019,Sun Aug 11 02:33:52 PDT 2019,Thu Aug 08 02:36:39 PDT 2019,,,1348,100% (1/1),100% (1/1),100% (1/1),739e67b4-0bcd-462c-bd7e-c0dc352ec9b6,,
3WKGUBL7SZMYDOT7KUFLBLRTWBAL4G,37GOL843ZOIG5BBI763GDYCPMUSWEX,Interactive verification of words,"Written words require comparison to spoken words. The connection should be accepted if they match, declined if they don't.","survey, demographics, experiment, cryptography",$0.90,Thu Aug 08 01:29:33 PDT 2019,9,BatchId:3729261;OriginalHitTemplateId:920937340;,2340,259200,Thu Aug 15 01:29:33 PDT 2019,,,3KKG4CDWKIY6Y6QSLZHXVWVMOK8941,A2NTF7F9IQNBJE,Approved,Thu Aug 08 02:50:10 PDT 2019,Thu Aug 08 03:05:10 PDT 2019,Sun Aug 11 03:05:10 PDT 2019,Thu Aug 08 03:51:29 PDT 2019,,,900,100% (1/1),100% (1/1),100% (1/1),2d9afd97-ccdb-43d2-997e-a6debe108e71,,
3WKGUBL7SZMYDOT7KUFLBLRTWBAL4G,37GOL843ZOIG5BBI763GDYCPMUSWEX,Interactive verification of words,"Written words require comparison to spoken words. The connection should be accepted if they match, declined if they don't.","survey, demographics, experiment, cryptography",$0.90,Thu Aug 08 01:29:33 PDT 2019,9,BatchId:3729261;OriginalHitTemplateId:920937340;,2340,259200,Thu Aug 15 01:29:33 PDT 2019,,,3MTMREQS4VIWCRJHNB1GMJPXEVRAW5,A1NRNUKZT5J78Y,Approved,Thu Aug 08 03:25:29 PDT 2019,Thu Aug 08 03:46:22 PDT 2019,Sun Aug 11 03:46:22 PDT 2019,Thu Aug 08 03:51:29 PDT 2019,,,1253,100% (1/1),100% (1/1),100% (1/1),5e29c634-c01a-443e-b2f4-4b0b8864ba6c,,
3WKGUBL7SZMYDOT7KUFLBLRTWBAL4G,37GOL843ZOIG5BBI763GDYCPMUSWEX,Interactive verification of words,"Written words require comparison to spoken words. The connection should be accepted if they match, declined if they don't.","survey, demographics, experiment, cryptography",$0.90,Thu Aug 08 01:29:33 PDT 2019,9,BatchId:3729261;OriginalHitTemplateId:920937340;,2340,259200,Thu Aug 15 01:29:33 PDT 2019,,,3MX2NQ3YC9UEVLCQ2K6LGRNIVJMX55,A4T50ODN6SGNR,Approved,Thu Aug 08 01:29:46 PDT 2019,Thu Aug 08 01:43:40 PDT 2019,Sun Aug 11 01:43:40 PDT 2019,Thu Aug 08 01:50:18 PDT 2019,,,834,100% (1/1),100% (1/1),100% (1/1),92bf24c4-ec5b-4e68-a8a0-e4ac9c5cb190,,
3WKGUBL7SZMYDOT7KUFLBLRTWBAL4G,37GOL843ZOIG5BBI763GDYCPMUSWEX,Interactive verification of words,"Written words require comparison to spoken words. The connection should be accepted if they match, declined if they don't.","survey, demographics, experiment, cryptography",$0.90,Thu Aug 08 01:29:33 PDT 2019,9,BatchId:3729261;OriginalHitTemplateId:920937340;,2340,259200,Thu Aug 15 01:29:33 PDT 2019,,,3U5JL4WY5K9WZ28QOFNBBZH4VNRX40,A288A3VK2VOY93,Approved,Thu Aug 08 02:48:18 PDT 2019,Thu Aug 08 03:09:46 PDT 2019,Sun Aug 11 03:09:46 PDT 2019,Thu Aug 08 03:51:29 PDT 2019,,,1288,100% (1/1),100% (1/1),100% (1/1),d2c708ef-65dd-436c-bd51-ac5baabc6f03,,
3WKGUBL7SZMYDOT7KUFLBLRTWBAL4G,37GOL843ZOIG5BBI763GDYCPMUSWEX,Interactive verification of words,"Written words require comparison to spoken words. The connection should be accepted if they match, declined if they don't.","survey, demographics, experiment, cryptography",$0.90,Thu Aug 08 01:29:33 PDT 2019,9,BatchId:3729261;OriginalHitTemplateId:920937340;,2340,259200,Thu Aug 15 01:29:33 PDT 2019,,,3VFJCI1K4ZZSEMFYAHJKV6SJKBGRGM,A10LHOXLUO2WBA,Approved,Thu Aug 08 01:40:15 PDT 2019,Thu Aug 08 01:55:49 PDT 2019,Sun Aug 11 01:55:49 PDT 2019,Thu Aug 08 02:25:16 PDT 2019,,,934,100% (1/1),100% (1/1),100% (1/1),30d1590c-1c71-4146-9936-0ae7ad918b09,,
