HITId,HITTypeId,Title,Description,Keywords,Reward,CreationTime,MaxAssignments,RequesterAnnotation,AssignmentDurationInSeconds,AutoApprovalDelayInSeconds,Expiration,NumberOfSimilarHITs,LifetimeInSeconds,AssignmentId,WorkerId,AssignmentStatus,AcceptTime,SubmitTime,AutoApprovalTime,ApprovalTime,RejectionTime,RequesterFeedback,WorkTimeInSeconds,LifetimeApprovalRate,Last30DaysApprovalRate,Last7DaysApprovalRate,Answer.surveycode
386659BNTLH4OT728JA0F3S2HS401M,309SUPN8PF56D54DJNMFAUTDA3OH2F,Interactive verification of words,"Written words require comparison to spoken words. The connection should be accepted if they match, declined if they don't.","survey, demographics, experiment, cryptography",$0.90,Wed Aug 07 01:41:25 PDT 2019,104,BatchId:3728161;OriginalHitTemplateId:920937340;,1200,259200,Wed Aug 07 02:14:06 PDT 2019,,,308XBLVESI4WN57NUVR6UV1M4T8BRZ,A31U7VGTEOY2RG,Approved,Wed Aug 07 01:44:04 PDT 2019,Wed Aug 07 02:02:54 PDT 2019,Sat Aug 10 02:02:54 PDT 2019,Wed Aug 07 02:51:26 PDT 2019,,,1130,100% (1/1),100% (1/1),100% (1/1),85ac7597-842b-4a7e-93e7-cfce4791f364
386659BNTLH4OT728JA0F3S2HS401M,309SUPN8PF56D54DJNMFAUTDA3OH2F,Interactive verification of words,"Written words require comparison to spoken words. The connection should be accepted if they match, declined if they don't.","survey, demographics, experiment, cryptography",$0.90,Wed Aug 07 01:41:25 PDT 2019,104,BatchId:3728161;OriginalHitTemplateId:920937340;,1200,259200,Wed Aug 07 02:14:06 PDT 2019,,,30H4UDGLT2I7UJV58SDQ3GC1FAOMP7,A2DDLZD87UHANI,Approved,Wed Aug 07 01:47:51 PDT 2019,Wed Aug 07 02:07:44 PDT 2019,Sat Aug 10 02:07:44 PDT 2019,Wed Aug 07 02:51:26 PDT 2019,,,1193,100% (1/1),100% (1/1),100% (1/1),0134bdae-be04-44f1-9037-cc7993acb8d6
386659BNTLH4OT728JA0F3S2HS401M,309SUPN8PF56D54DJNMFAUTDA3OH2F,Interactive verification of words,"Written words require comparison to spoken words. The connection should be accepted if they match, declined if they don't.","survey, demographics, experiment, cryptography",$0.90,Wed Aug 07 01:41:25 PDT 2019,104,BatchId:3728161;OriginalHitTemplateId:920937340;,1200,259200,Wed Aug 07 02:14:06 PDT 2019,,,30X31N5D63Q35A2836RFPUMC8D6SA9,A14WLAP6TCEKO0,Approved,Wed Aug 07 01:51:21 PDT 2019,Wed Aug 07 02:10:07 PDT 2019,Sat Aug 10 02:10:07 PDT 2019,Wed Aug 07 02:51:26 PDT 2019,,,1126,100% (1/1),100% (1/1),100% (1/1),9da516a0-b99e-4612-892a-d2a99bb0f560
386659BNTLH4OT728JA0F3S2HS401M,309SUPN8PF56D54DJNMFAUTDA3OH2F,Interactive verification of words,"Written words require comparison to spoken words. The connection should be accepted if they match, declined if they don't.","survey, demographics, experiment, cryptography",$0.90,Wed Aug 07 01:41:25 PDT 2019,104,BatchId:3728161;OriginalHitTemplateId:920937340;,1200,259200,Wed Aug 07 02:14:06 PDT 2019,,,31IBVUNM9SZETT0K8HICEIHA4XDFVE,AHSXMZBNS9BPA,Approved,Wed Aug 07 01:48:27 PDT 2019,Wed Aug 07 02:06:48 PDT 2019,Sat Aug 10 02:06:48 PDT 2019,Wed Aug 07 02:51:26 PDT 2019,,,1101,100% (1/1),100% (1/1),100% (1/1),819b48cf-ae89-4cdd-804e-3448c51ddfaa
386659BNTLH4OT728JA0F3S2HS401M,309SUPN8PF56D54DJNMFAUTDA3OH2F,Interactive verification of words,"Written words require comparison to spoken words. The connection should be accepted if they match, declined if they don't.","survey, demographics, experiment, cryptography",$0.90,Wed Aug 07 01:41:25 PDT 2019,104,BatchId:3728161;OriginalHitTemplateId:920937340;,1200,259200,Wed Aug 07 02:14:06 PDT 2019,,,31IBVUNM9SZETT0K8HICEIHA4XFFVG,A3141EW4WZT4Q0,Approved,Wed Aug 07 02:14:34 PDT 2019,Wed Aug 07 02:32:13 PDT 2019,Sat Aug 10 02:32:13 PDT 2019,Wed Aug 07 02:51:26 PDT 2019,,,1059,100% (1/1),100% (1/1),100% (1/1),492b17a5-1ebb-4f18-bbdb-43f77095d62c
386659BNTLH4OT728JA0F3S2HS401M,309SUPN8PF56D54DJNMFAUTDA3OH2F,Interactive verification of words,"Written words require comparison to spoken words. The connection should be accepted if they match, declined if they don't.","survey, demographics, experiment, cryptography",$0.90,Wed Aug 07 01:41:25 PDT 2019,104,BatchId:3728161;OriginalHitTemplateId:920937340;,1200,259200,Wed Aug 07 02:14:06 PDT 2019,,,320DUZ38G7MBGYWL2CABTF6SAP6JGW,ABDXLB3YCM6XY,Approved,Wed Aug 07 01:46:04 PDT 2019,Wed Aug 07 02:05:09 PDT 2019,Sat Aug 10 02:05:09 PDT 2019,Wed Aug 07 02:51:26 PDT 2019,,,1145,100% (1/1),100% (1/1),100% (1/1),e4a818c8-a9c0-4164-b9f6-507768b8a4ab
386659BNTLH4OT728JA0F3S2HS401M,309SUPN8PF56D54DJNMFAUTDA3OH2F,Interactive verification of words,"Written words require comparison to spoken words. The connection should be accepted if they match, declined if they don't.","survey, demographics, experiment, cryptography",$0.90,Wed Aug 07 01:41:25 PDT 2019,104,BatchId:3728161;OriginalHitTemplateId:920937340;,1200,259200,Wed Aug 07 02:14:06 PDT 2019,,,32UTUBMZ7GWOGCO43FWGVSQPPZMVBD,A322SGIJC9EPN9,Approved,Wed Aug 07 02:04:54 PDT 2019,Wed Aug 07 02:14:55 PDT 2019,Sat Aug 10 02:14:55 PDT 2019,Wed Aug 07 02:51:26 PDT 2019,,,601,100% (1/1),100% (1/1),100% (1/1),852fa8c4-fcd8-474d-baea-91052e841b4e
386659BNTLH4OT728JA0F3S2HS401M,309SUPN8PF56D54DJNMFAUTDA3OH2F,Interactive verification of words,"Written words require comparison to spoken words. The connection should be accepted if they match, declined if they don't.","survey, demographics, experiment, cryptography",$0.90,Wed Aug 07 01:41:25 PDT 2019,104,BatchId:3728161;OriginalHitTemplateId:920937340;,1200,259200,Wed Aug 07 02:14:06 PDT 2019,,,340UGXU9DY13CBXA36DB0IIDEKRVUS,A1QJ2VPPZG16EG,Approved,Wed Aug 07 01:42:17 PDT 2019,Wed Aug 07 01:57:57 PDT 2019,Sat Aug 10 01:57:57 PDT 2019,Wed Aug 07 02:01:11 PDT 2019,,,940,100% (1/1),100% (1/1),100% (1/1),9c0a6184-b3b1-491c-adc3-1403611c262e
386659BNTLH4OT728JA0F3S2HS401M,309SUPN8PF56D54DJNMFAUTDA3OH2F,Interactive verification of words,"Written words require comparison to spoken words. The connection should be accepted if they match, declined if they don't.","survey, demographics, experiment, cryptography",$0.90,Wed Aug 07 01:41:25 PDT 2019,104,BatchId:3728161;OriginalHitTemplateId:920937340;,1200,259200,Wed Aug 07 02:14:06 PDT 2019,,,34MAJL3QP4NKJ41C4QGN4JS0ONB34H,A3QC57KUVJP5EW,Approved,Wed Aug 07 01:41:55 PDT 2019,Wed Aug 07 01:59:30 PDT 2019,Sat Aug 10 01:59:30 PDT 2019,Wed Aug 07 02:51:26 PDT 2019,,,1055,100% (1/1),100% (1/1),100% (1/1),d24ffb34-0e8d-4bac-bf5b-119d2511c9ca
386659BNTLH4OT728JA0F3S2HS401M,309SUPN8PF56D54DJNMFAUTDA3OH2F,Interactive verification of words,"Written words require comparison to spoken words. The connection should be accepted if they match, declined if they don't.","survey, demographics, experiment, cryptography",$0.90,Wed Aug 07 01:41:25 PDT 2019,104,BatchId:3728161;OriginalHitTemplateId:920937340;,1200,259200,Wed Aug 07 02:14:06 PDT 2019,,,34S6N1K2ZVJVBKFWP346UUVLTEOHLV,AISNLDPD2DFEG,Approved,Wed Aug 07 01:48:28 PDT 2019,Wed Aug 07 02:06:10 PDT 2019,Sat Aug 10 02:06:10 PDT 2019,Wed Aug 07 02:51:26 PDT 2019,,,1062,100% (3/3),100% (3/3),100% (2/2),bc6f0180-f205-417c-914a-83555b82edd2
386659BNTLH4OT728JA0F3S2HS401M,309SUPN8PF56D54DJNMFAUTDA3OH2F,Interactive verification of words,"Written words require comparison to spoken words. The connection should be accepted if they match, declined if they don't.","survey, demographics, experiment, cryptography",$0.90,Wed Aug 07 01:41:25 PDT 2019,104,BatchId:3728161;OriginalHitTemplateId:920937340;,1200,259200,Wed Aug 07 02:14:06 PDT 2019,,,34V1S5K3GS1KDTU64NACSUF0K6R96P,A36JTIZPOO2HO5,Approved,Wed Aug 07 01:43:36 PDT 2019,Wed Aug 07 01:56:38 PDT 2019,Sat Aug 10 01:56:38 PDT 2019,Wed Aug 07 02:01:11 PDT 2019,,,782,100% (1/1),100% (1/1),100% (1/1),3e1826aa-07c2-47ef-a2c3-0bf785c09657
386659BNTLH4OT728JA0F3S2HS401M,309SUPN8PF56D54DJNMFAUTDA3OH2F,Interactive verification of words,"Written words require comparison to spoken words. The connection should be accepted if they match, declined if they don't.","survey, demographics, experiment, cryptography",$0.90,Wed Aug 07 01:41:25 PDT 2019,104,BatchId:3728161;OriginalHitTemplateId:920937340;,1200,259200,Wed Aug 07 02:14:06 PDT 2019,,,34YB12FSQYO1H62659N397Y9EJ2MG4,A37V2BNHM204M7,Approved,Wed Aug 07 02:00:33 PDT 2019,Wed Aug 07 02:15:00 PDT 2019,Sat Aug 10 02:15:00 PDT 2019,Wed Aug 07 02:51:27 PDT 2019,,,867,100% (1/1),100% (1/1),100% (1/1),e462c185-1850-49af-965a-7c3a06e43534
386659BNTLH4OT728JA0F3S2HS401M,309SUPN8PF56D54DJNMFAUTDA3OH2F,Interactive verification of words,"Written words require comparison to spoken words. The connection should be accepted if they match, declined if they don't.","survey, demographics, experiment, cryptography",$0.90,Wed Aug 07 01:41:25 PDT 2019,104,BatchId:3728161;OriginalHitTemplateId:920937340;,1200,259200,Wed Aug 07 02:14:06 PDT 2019,,,358UUM7WRZ39LT4XHEFQPTFQL3H7R9,A1F1BIPJR11LSR,Approved,Wed Aug 07 01:47:47 PDT 2019,Wed Aug 07 02:07:37 PDT 2019,Sat Aug 10 02:07:37 PDT 2019,Wed Aug 07 02:51:07 PDT 2019,Wed Aug 07 02:09:17 PDT 2019,,1190,100% (1/1),100% (1/1),100% (1/1),A1F1BIPJR11LSR
386659BNTLH4OT728JA0F3S2HS401M,309SUPN8PF56D54DJNMFAUTDA3OH2F,Interactive verification of words,"Written words require comparison to spoken words. The connection should be accepted if they match, declined if they don't.","survey, demographics, experiment, cryptography",$0.90,Wed Aug 07 01:41:25 PDT 2019,104,BatchId:3728161;OriginalHitTemplateId:920937340;,1200,259200,Wed Aug 07 02:14:06 PDT 2019,,,36DSNE9QZ5YZ8BDJQVNJYOFU1BYOJP,A15LHHN76OW2UM,Approved,Wed Aug 07 02:06:29 PDT 2019,Wed Aug 07 02:17:49 PDT 2019,Sat Aug 10 02:17:49 PDT 2019,Wed Aug 07 02:51:27 PDT 2019,,,680,100% (1/1),100% (1/1),100% (1/1),ea124dff-5c4a-4551-b8bb-09da5b45aeef
386659BNTLH4OT728JA0F3S2HS401M,309SUPN8PF56D54DJNMFAUTDA3OH2F,Interactive verification of words,"Written words require comparison to spoken words. The connection should be accepted if they match, declined if they don't.","survey, demographics, experiment, cryptography",$0.90,Wed Aug 07 01:41:25 PDT 2019,104,BatchId:3728161;OriginalHitTemplateId:920937340;,1200,259200,Wed Aug 07 02:14:06 PDT 2019,,,36V4Q8R5ZK0SUVWK85SF3L2BK6AQM2,A2C9CDKYOV3R3C,Approved,Wed Aug 07 01:54:03 PDT 2019,Wed Aug 07 02:10:18 PDT 2019,Sat Aug 10 02:10:18 PDT 2019,Wed Aug 07 02:51:27 PDT 2019,,,975,100% (1/1),100% (1/1),100% (1/1),15993dd2-091b-4113-874a-63814cf1ea57
386659BNTLH4OT728JA0F3S2HS401M,309SUPN8PF56D54DJNMFAUTDA3OH2F,Interactive verification of words,"Written words require comparison to spoken words. The connection should be accepted if they match, declined if they don't.","survey, demographics, experiment, cryptography",$0.90,Wed Aug 07 01:41:25 PDT 2019,104,BatchId:3728161;OriginalHitTemplateId:920937340;,1200,259200,Wed Aug 07 02:14:06 PDT 2019,,,37QW5D2ZRGMPMM9T6871T3GHIP6S85,A1WE7JOOWZSMHF,Approved,Wed Aug 07 01:51:14 PDT 2019,Wed Aug 07 02:09:29 PDT 2019,Sat Aug 10 02:09:29 PDT 2019,Wed Aug 07 02:12:45 PDT 2019,,,1095,100% (1/1),100% (1/1),100% (1/1),45ec548c-b9b6-4ced-93cc-e127bc65288d
386659BNTLH4OT728JA0F3S2HS401M,309SUPN8PF56D54DJNMFAUTDA3OH2F,Interactive verification of words,"Written words require comparison to spoken words. The connection should be accepted if they match, declined if they don't.","survey, demographics, experiment, cryptography",$0.90,Wed Aug 07 01:41:25 PDT 2019,104,BatchId:3728161;OriginalHitTemplateId:920937340;,1200,259200,Wed Aug 07 02:14:06 PDT 2019,,,38JBBYETQOANT2H9TAXJNAWXFC24EA,ASVRLMDNQBUD9,Approved,Wed Aug 07 01:56:42 PDT 2019,Wed Aug 07 02:15:34 PDT 2019,Sat Aug 10 02:15:34 PDT 2019,Wed Aug 07 02:51:27 PDT 2019,,,1132,100% (1/1),100% (1/1),100% (1/1),e625751e-10b9-4707-b994-a024e36d3b97
386659BNTLH4OT728JA0F3S2HS401M,309SUPN8PF56D54DJNMFAUTDA3OH2F,Interactive verification of words,"Written words require comparison to spoken words. The connection should be accepted if they match, declined if they don't.","survey, demographics, experiment, cryptography",$0.90,Wed Aug 07 01:41:25 PDT 2019,104,BatchId:3728161;OriginalHitTemplateId:920937340;,1200,259200,Wed Aug 07 02:14:06 PDT 2019,,,3907X2AHF05HNFRCYAU6O7Y39582PX,A36XHAJW27C8R4,Approved,Wed Aug 07 02:11:23 PDT 2019,Wed Aug 07 02:21:42 PDT 2019,Sat Aug 10 02:21:42 PDT 2019,Wed Aug 07 02:51:27 PDT 2019,,,619,100% (1/1),100% (1/1),100% (1/1),093595bf-2717-4a32-bc37-c782cd0400ad
386659BNTLH4OT728JA0F3S2HS401M,309SUPN8PF56D54DJNMFAUTDA3OH2F,Interactive verification of words,"Written words require comparison to spoken words. The connection should be accepted if they match, declined if they don't.","survey, demographics, experiment, cryptography",$0.90,Wed Aug 07 01:41:25 PDT 2019,104,BatchId:3728161;OriginalHitTemplateId:920937340;,1200,259200,Wed Aug 07 02:14:06 PDT 2019,,,3AQF3RZ558ITE3LJ79A42Q1BN4N6FF,A2VYCWHO5F90DA,Approved,Wed Aug 07 01:56:48 PDT 2019,Wed Aug 07 02:12:20 PDT 2019,Sat Aug 10 02:12:20 PDT 2019,Wed Aug 07 02:51:27 PDT 2019,,,932,100% (1/1),100% (1/1),100% (1/1),bb95643b-48fc-40c2-8a2e-2a9ce9eeaeee
386659BNTLH4OT728JA0F3S2HS401M,309SUPN8PF56D54DJNMFAUTDA3OH2F,Interactive verification of words,"Written words require comparison to spoken words. The connection should be accepted if they match, declined if they don't.","survey, demographics, experiment, cryptography",$0.90,Wed Aug 07 01:41:25 PDT 2019,104,BatchId:3728161;OriginalHitTemplateId:920937340;,1200,259200,Wed Aug 07 02:14:06 PDT 2019,,,3AUQQEL7U5TNWPLU5ZZRBBU6YVO0VV,A24BRTWG07T53Z,Approved,Wed Aug 07 01:42:39 PDT 2019,Wed Aug 07 02:00:05 PDT 2019,Sat Aug 10 02:00:05 PDT 2019,Wed Aug 07 02:51:27 PDT 2019,,,1046,100% (1/1),100% (1/1),100% (1/1),e1fa0837-c7e4-4ec8-ab48-a8453afb892c
386659BNTLH4OT728JA0F3S2HS401M,309SUPN8PF56D54DJNMFAUTDA3OH2F,Interactive verification of words,"Written words require comparison to spoken words. The connection should be accepted if they match, declined if they don't.","survey, demographics, experiment, cryptography",$0.90,Wed Aug 07 01:41:25 PDT 2019,104,BatchId:3728161;OriginalHitTemplateId:920937340;,1200,259200,Wed Aug 07 02:14:06 PDT 2019,,,3BDCF01OGXUHXF5LZ38UGUQOJA0YLA,APEMGLCQCTKJY,Approved,Wed Aug 07 01:42:36 PDT 2019,Wed Aug 07 02:00:05 PDT 2019,Sat Aug 10 02:00:05 PDT 2019,Wed Aug 07 02:51:27 PDT 2019,,,1049,100% (1/1),100% (1/1),100% (1/1),f90e5e8d-d635-4ce7-9065-138c505c7b9a
386659BNTLH4OT728JA0F3S2HS401M,309SUPN8PF56D54DJNMFAUTDA3OH2F,Interactive verification of words,"Written words require comparison to spoken words. The connection should be accepted if they match, declined if they don't.","survey, demographics, experiment, cryptography",$0.90,Wed Aug 07 01:41:25 PDT 2019,104,BatchId:3728161;OriginalHitTemplateId:920937340;,1200,259200,Wed Aug 07 02:14:06 PDT 2019,,,3D4CH1LGEATMAMJCG0JY4LSPEKUG9Y,A192MH226Q1NT4,Approved,Wed Aug 07 01:43:44 PDT 2019,Wed Aug 07 01:58:13 PDT 2019,Sat Aug 10 01:58:13 PDT 2019,Wed Aug 07 02:51:07 PDT 2019,Wed Aug 07 02:02:29 PDT 2019,,869,100% (1/1),100% (1/1),100% (1/1),A192MH226Q1NT4
386659BNTLH4OT728JA0F3S2HS401M,309SUPN8PF56D54DJNMFAUTDA3OH2F,Interactive verification of words,"Written words require comparison to spoken words. The connection should be accepted if they match, declined if they don't.","survey, demographics, experiment, cryptography",$0.90,Wed Aug 07 01:41:25 PDT 2019,104,BatchId:3728161;OriginalHitTemplateId:920937340;,1200,259200,Wed Aug 07 02:14:06 PDT 2019,,,3DR23U6WE5E7ANWZ8BYRVI8PVBKETH,AXBUMUA2N1FAC,Approved,Wed Aug 07 02:11:21 PDT 2019,Wed Aug 07 02:22:10 PDT 2019,Sat Aug 10 02:22:10 PDT 2019,Wed Aug 07 02:51:28 PDT 2019,,,649,100% (1/1),100% (1/1),100% (1/1),2f9b24e6-e12b-44b3-b645-80a48cf67b9e
386659BNTLH4OT728JA0F3S2HS401M,309SUPN8PF56D54DJNMFAUTDA3OH2F,Interactive verification of words,"Written words require comparison to spoken words. The connection should be accepted if they match, declined if they don't.","survey, demographics, experiment, cryptography",$0.90,Wed Aug 07 01:41:25 PDT 2019,104,BatchId:3728161;OriginalHitTemplateId:920937340;,1200,259200,Wed Aug 07 02:14:06 PDT 2019,,,3ERMJ6L4DYSIODR5C6J93ULGFGIM70,A12HWPFXQPITHD,Approved,Wed Aug 07 01:57:46 PDT 2019,Wed Aug 07 02:09:28 PDT 2019,Sat Aug 10 02:09:28 PDT 2019,Wed Aug 07 02:51:28 PDT 2019,,,702,100% (1/1),100% (1/1),100% (1/1),122ed01a-7e4d-4296-bd28-5444e6d27f8b
386659BNTLH4OT728JA0F3S2HS401M,309SUPN8PF56D54DJNMFAUTDA3OH2F,Interactive verification of words,"Written words require comparison to spoken words. The connection should be accepted if they match, declined if they don't.","survey, demographics, experiment, cryptography",$0.90,Wed Aug 07 01:41:25 PDT 2019,104,BatchId:3728161;OriginalHitTemplateId:920937340;,1200,259200,Wed Aug 07 02:14:06 PDT 2019,,,3HOSI13XHZOV1SM2QQNSKW8ISDTDD2,A2I4VNAS21FXCE,Rejected,Wed Aug 07 01:50:06 PDT 2019,Wed Aug 07 02:04:53 PDT 2019,Sat Aug 10 02:04:53 PDT 2019,,Wed Aug 07 02:07:32 PDT 2019,Did not attempt to complete the HIT correctly and just clicked-through. The audio button was not clicked once in the vast majority of rounds.,887,0% (0/1),0% (0/1),0% (0/1),02c13a6e-d1ba-4893-9b18-ff1cf211a12f
386659BNTLH4OT728JA0F3S2HS401M,309SUPN8PF56D54DJNMFAUTDA3OH2F,Interactive verification of words,"Written words require comparison to spoken words. The connection should be accepted if they match, declined if they don't.","survey, demographics, experiment, cryptography",$0.90,Wed Aug 07 01:41:25 PDT 2019,104,BatchId:3728161;OriginalHitTemplateId:920937340;,1200,259200,Wed Aug 07 02:14:06 PDT 2019,,,3HWRJOOET526VNJKJBT1LDC3TS4SE4,A32W24TWSWXW,Approved,Wed Aug 07 01:51:51 PDT 2019,Wed Aug 07 02:11:32 PDT 2019,Sat Aug 10 02:11:32 PDT 2019,Wed Aug 07 02:43:50 PDT 2019,,,1181,100% (1/1),100% (1/1),100% (1/1),A32W24TWSWXW
386659BNTLH4OT728JA0F3S2HS401M,309SUPN8PF56D54DJNMFAUTDA3OH2F,Interactive verification of words,"Written words require comparison to spoken words. The connection should be accepted if they match, declined if they don't.","survey, demographics, experiment, cryptography",$0.90,Wed Aug 07 01:41:25 PDT 2019,104,BatchId:3728161;OriginalHitTemplateId:920937340;,1200,259200,Wed Aug 07 02:14:06 PDT 2019,,,3I2PTA7R3TUX47WHNTFZO8A7V1FKQR,A2XRTITADBPWK6,Approved,Wed Aug 07 01:50:10 PDT 2019,Wed Aug 07 02:09:23 PDT 2019,Sat Aug 10 02:09:23 PDT 2019,Wed Aug 07 02:46:34 PDT 2019,,,1153,100% (1/1),100% (1/1),100% (1/1),A2XRTITADBPWK6
386659BNTLH4OT728JA0F3S2HS401M,309SUPN8PF56D54DJNMFAUTDA3OH2F,Interactive verification of words,"Written words require comparison to spoken words. The connection should be accepted if they match, declined if they don't.","survey, demographics, experiment, cryptography",$0.90,Wed Aug 07 01:41:25 PDT 2019,104,BatchId:3728161;OriginalHitTemplateId:920937340;,1200,259200,Wed Aug 07 02:14:06 PDT 2019,,,3IAEQB9FMEKUAYMT7LSICKX3ZTZDWB,A3ICFFGBUY4WP9,Approved,Wed Aug 07 01:41:54 PDT 2019,Wed Aug 07 02:00:38 PDT 2019,Sat Aug 10 02:00:38 PDT 2019,Wed Aug 07 02:51:28 PDT 2019,,,1124,100% (1/1),100% (1/1),100% (1/1),4564e159-d2c8-4a88-8923-3b58d22cdd85
386659BNTLH4OT728JA0F3S2HS401M,309SUPN8PF56D54DJNMFAUTDA3OH2F,Interactive verification of words,"Written words require comparison to spoken words. The connection should be accepted if they match, declined if they don't.","survey, demographics, experiment, cryptography",$0.90,Wed Aug 07 01:41:25 PDT 2019,104,BatchId:3728161;OriginalHitTemplateId:920937340;,1200,259200,Wed Aug 07 02:14:06 PDT 2019,,,3IGI0VL647KVR1445TFBRVWBAV2NOR,A3HL2LL0LEPZT8,Approved,Wed Aug 07 01:51:43 PDT 2019,Wed Aug 07 02:10:27 PDT 2019,Sat Aug 10 02:10:27 PDT 2019,Wed Aug 07 02:51:28 PDT 2019,,,1124,100% (1/1),100% (1/1),100% (1/1),239a476a-2f57-4c0a-8723-8a4095167cfb
386659BNTLH4OT728JA0F3S2HS401M,309SUPN8PF56D54DJNMFAUTDA3OH2F,Interactive verification of words,"Written words require comparison to spoken words. The connection should be accepted if they match, declined if they don't.","survey, demographics, experiment, cryptography",$0.90,Wed Aug 07 01:41:25 PDT 2019,104,BatchId:3728161;OriginalHitTemplateId:920937340;,1200,259200,Wed Aug 07 02:14:06 PDT 2019,,,3IKZ72A5B4G1LORB6QWL41NXIUDFNZ,A1CFPKUOCGJIM6,Approved,Wed Aug 07 02:13:11 PDT 2019,Wed Aug 07 02:25:18 PDT 2019,Sat Aug 10 02:25:18 PDT 2019,Wed Aug 07 02:51:28 PDT 2019,,,727,100% (1/1),100% (1/1),100% (1/1),3dbc9924-61f6-4bfa-a7fd-c2e8c1783dfe
386659BNTLH4OT728JA0F3S2HS401M,309SUPN8PF56D54DJNMFAUTDA3OH2F,Interactive verification of words,"Written words require comparison to spoken words. The connection should be accepted if they match, declined if they don't.","survey, demographics, experiment, cryptography",$0.90,Wed Aug 07 01:41:25 PDT 2019,104,BatchId:3728161;OriginalHitTemplateId:920937340;,1200,259200,Wed Aug 07 02:14:06 PDT 2019,,,3JBT3HLQF827TQUONH3KBI8AUE7ZP2,ABX5OQLR6UNBC,Approved,Wed Aug 07 02:10:45 PDT 2019,Wed Aug 07 02:20:32 PDT 2019,Sat Aug 10 02:20:32 PDT 2019,Wed Aug 07 02:51:28 PDT 2019,,,587,100% (2/2),100% (2/2),100% (2/2),f75bb62f-6567-4d4e-90b7-578eff548ae8
386659BNTLH4OT728JA0F3S2HS401M,309SUPN8PF56D54DJNMFAUTDA3OH2F,Interactive verification of words,"Written words require comparison to spoken words. The connection should be accepted if they match, declined if they don't.","survey, demographics, experiment, cryptography",$0.90,Wed Aug 07 01:41:25 PDT 2019,104,BatchId:3728161;OriginalHitTemplateId:920937340;,1200,259200,Wed Aug 07 02:14:06 PDT 2019,,,3JW0YLFXRTGTJ4MKOGX848MO696WW4,A53S7J4JGWG38,Approved,Wed Aug 07 02:09:48 PDT 2019,Wed Aug 07 02:19:17 PDT 2019,Sat Aug 10 02:19:17 PDT 2019,Wed Aug 07 02:51:28 PDT 2019,,,569,100% (1/1),100% (1/1),100% (1/1),023cb911-84ac-42c0-9638-a0eff332e1da
386659BNTLH4OT728JA0F3S2HS401M,309SUPN8PF56D54DJNMFAUTDA3OH2F,Interactive verification of words,"Written words require comparison to spoken words. The connection should be accepted if they match, declined if they don't.","survey, demographics, experiment, cryptography",$0.90,Wed Aug 07 01:41:25 PDT 2019,104,BatchId:3728161;OriginalHitTemplateId:920937340;,1200,259200,Wed Aug 07 02:14:06 PDT 2019,,,3K9FOBBF2HJNLG17S1ZJZESHFQYNLB,A3UC9N3EEE6733,Approved,Wed Aug 07 02:04:13 PDT 2019,Wed Aug 07 02:12:31 PDT 2019,Sat Aug 10 02:12:31 PDT 2019,Wed Aug 07 02:51:28 PDT 2019,,,498,100% (1/1),100% (1/1),100% (1/1),de2fc025-6825-47a1-bb58-9b5a70fcea86
386659BNTLH4OT728JA0F3S2HS401M,309SUPN8PF56D54DJNMFAUTDA3OH2F,Interactive verification of words,"Written words require comparison to spoken words. The connection should be accepted if they match, declined if they don't.","survey, demographics, experiment, cryptography",$0.90,Wed Aug 07 01:41:25 PDT 2019,104,BatchId:3728161;OriginalHitTemplateId:920937340;,1200,259200,Wed Aug 07 02:14:06 PDT 2019,,,3LO69W1SU3DHBOKL5XMO9UJKEEBLG0,A1N20GC9EU68W7,Approved,Wed Aug 07 01:53:01 PDT 2019,Wed Aug 07 02:09:52 PDT 2019,Sat Aug 10 02:09:52 PDT 2019,Wed Aug 07 02:51:29 PDT 2019,,,1011,100% (1/1),100% (1/1),100% (1/1),330f4cf4-6793-4e70-96e9-a0549a2af9cc
386659BNTLH4OT728JA0F3S2HS401M,309SUPN8PF56D54DJNMFAUTDA3OH2F,Interactive verification of words,"Written words require comparison to spoken words. The connection should be accepted if they match, declined if they don't.","survey, demographics, experiment, cryptography",$0.90,Wed Aug 07 01:41:25 PDT 2019,104,BatchId:3728161;OriginalHitTemplateId:920937340;,1200,259200,Wed Aug 07 02:14:06 PDT 2019,,,3LYA37P8IQNA01US4BI9TJF891EBK6,APY5858P6BTDY,Approved,Wed Aug 07 01:47:07 PDT 2019,Wed Aug 07 02:06:12 PDT 2019,Sat Aug 10 02:06:12 PDT 2019,Wed Aug 07 02:51:07 PDT 2019,Wed Aug 07 02:09:08 PDT 2019,,1145,100% (1/1),100% (1/1),100% (1/1),APY5858P6BTDY
386659BNTLH4OT728JA0F3S2HS401M,309SUPN8PF56D54DJNMFAUTDA3OH2F,Interactive verification of words,"Written words require comparison to spoken words. The connection should be accepted if they match, declined if they don't.","survey, demographics, experiment, cryptography",$0.90,Wed Aug 07 01:41:25 PDT 2019,104,BatchId:3728161;OriginalHitTemplateId:920937340;,1200,259200,Wed Aug 07 02:14:06 PDT 2019,,,3M81GAB8A0JWB4SNHG26P5RH876QBD,A83OOIGU4606R,Approved,Wed Aug 07 01:52:26 PDT 2019,Wed Aug 07 02:11:35 PDT 2019,Sat Aug 10 02:11:35 PDT 2019,Wed Aug 07 02:51:29 PDT 2019,,,1149,100% (1/1),100% (1/1),100% (1/1),4e43a233-d732-499a-84ea-722afee37e0b
386659BNTLH4OT728JA0F3S2HS401M,309SUPN8PF56D54DJNMFAUTDA3OH2F,Interactive verification of words,"Written words require comparison to spoken words. The connection should be accepted if they match, declined if they don't.","survey, demographics, experiment, cryptography",$0.90,Wed Aug 07 01:41:25 PDT 2019,104,BatchId:3728161;OriginalHitTemplateId:920937340;,1200,259200,Wed Aug 07 02:14:06 PDT 2019,,,3MTMREQS4VIWCRJHNB1GMJPXEQ2AW6,A339L5YF2O6773,Rejected,Wed Aug 07 01:45:51 PDT 2019,Wed Aug 07 02:01:05 PDT 2019,Sat Aug 10 02:01:05 PDT 2019,,Wed Aug 07 02:08:55 PDT 2019,Did not attempt to complete the HIT correctly and just clicked-through. The audio button was not clicked once in the vast majority of rounds.,914,0% (0/1),0% (0/1),0% (0/1),9b3d7563-703d-4619-958f-94b0b4f90c8b
386659BNTLH4OT728JA0F3S2HS401M,309SUPN8PF56D54DJNMFAUTDA3OH2F,Interactive verification of words,"Written words require comparison to spoken words. The connection should be accepted if they match, declined if they don't.","survey, demographics, experiment, cryptography",$0.90,Wed Aug 07 01:41:25 PDT 2019,104,BatchId:3728161;OriginalHitTemplateId:920937340;,1200,259200,Wed Aug 07 02:14:06 PDT 2019,,,3N4BPTXIO8SPW03Y42Z4Y97WYMLUK6,A7WJINDR01OCU,Approved,Wed Aug 07 02:11:40 PDT 2019,Wed Aug 07 02:19:03 PDT 2019,Sat Aug 10 02:19:03 PDT 2019,Wed Aug 07 02:51:29 PDT 2019,,,443,100% (1/1),100% (1/1),100% (1/1),0e989a71-edf4-452a-9783-f5d413da163a
386659BNTLH4OT728JA0F3S2HS401M,309SUPN8PF56D54DJNMFAUTDA3OH2F,Interactive verification of words,"Written words require comparison to spoken words. The connection should be accepted if they match, declined if they don't.","survey, demographics, experiment, cryptography",$0.90,Wed Aug 07 01:41:25 PDT 2019,104,BatchId:3728161;OriginalHitTemplateId:920937340;,1200,259200,Wed Aug 07 02:14:06 PDT 2019,,,3NKQQ8O39Y5HIUXOCLDHUWC6EDODUC,A2J84AUK1GVTEA,Rejected,Wed Aug 07 01:41:58 PDT 2019,Wed Aug 07 01:51:11 PDT 2019,Sat Aug 10 01:51:11 PDT 2019,,Wed Aug 07 01:59:02 PDT 2019,Good try. You've submitted the GUID from the instructions example.,553,0% (0/1),0% (0/1),0% (0/1),a9d16e6d-5772-413a-b9a5-4cbe255d5537
386659BNTLH4OT728JA0F3S2HS401M,309SUPN8PF56D54DJNMFAUTDA3OH2F,Interactive verification of words,"Written words require comparison to spoken words. The connection should be accepted if they match, declined if they don't.","survey, demographics, experiment, cryptography",$0.90,Wed Aug 07 01:41:25 PDT 2019,104,BatchId:3728161;OriginalHitTemplateId:920937340;,1200,259200,Wed Aug 07 02:14:06 PDT 2019,,,3NOKK93PR185L4E2IG9WWW8OS1XEER,A3J55BJGV95JKH,Approved,Wed Aug 07 02:09:48 PDT 2019,Wed Aug 07 02:18:15 PDT 2019,Sat Aug 10 02:18:15 PDT 2019,Wed Aug 07 02:51:29 PDT 2019,,,507,100% (1/1),100% (1/1),100% (1/1),3c2bcb03-f942-450a-8ce6-66b4f0ac9b03
386659BNTLH4OT728JA0F3S2HS401M,309SUPN8PF56D54DJNMFAUTDA3OH2F,Interactive verification of words,"Written words require comparison to spoken words. The connection should be accepted if they match, declined if they don't.","survey, demographics, experiment, cryptography",$0.90,Wed Aug 07 01:41:25 PDT 2019,104,BatchId:3728161;OriginalHitTemplateId:920937340;,1200,259200,Wed Aug 07 02:14:06 PDT 2019,,,3NPI0JQDAO5B7ELPHPE2PU7T9IJTPE,ALTMSSCYKZS8Z,Approved,Wed Aug 07 01:42:34 PDT 2019,Wed Aug 07 01:57:56 PDT 2019,Sat Aug 10 01:57:56 PDT 2019,Wed Aug 07 02:01:11 PDT 2019,,,922,100% (1/1),100% (1/1),100% (1/1),dfe3c46b-7898-44b4-b9fd-5521815f1719
386659BNTLH4OT728JA0F3S2HS401M,309SUPN8PF56D54DJNMFAUTDA3OH2F,Interactive verification of words,"Written words require comparison to spoken words. The connection should be accepted if they match, declined if they don't.","survey, demographics, experiment, cryptography",$0.90,Wed Aug 07 01:41:25 PDT 2019,104,BatchId:3728161;OriginalHitTemplateId:920937340;,1200,259200,Wed Aug 07 02:14:06 PDT 2019,,,3O7L7BFSHEPH19GOEZZNHB6GKU3IE3,AN4LGL36CS4P0,Approved,Wed Aug 07 02:04:07 PDT 2019,Wed Aug 07 02:16:20 PDT 2019,Sat Aug 10 02:16:20 PDT 2019,Wed Aug 07 02:51:29 PDT 2019,,,733,100% (1/1),100% (1/1),100% (1/1),2432ee43-b68f-4e28-ba0c-4e1276777456
386659BNTLH4OT728JA0F3S2HS401M,309SUPN8PF56D54DJNMFAUTDA3OH2F,Interactive verification of words,"Written words require comparison to spoken words. The connection should be accepted if they match, declined if they don't.","survey, demographics, experiment, cryptography",$0.90,Wed Aug 07 01:41:25 PDT 2019,104,BatchId:3728161;OriginalHitTemplateId:920937340;,1200,259200,Wed Aug 07 02:14:06 PDT 2019,,,3OVHNO1VE61Y4TRYI8CPBORLGV3DZ1,ABQ65VUI4C9RK,Approved,Wed Aug 07 01:41:59 PDT 2019,Wed Aug 07 01:54:39 PDT 2019,Sat Aug 10 01:54:39 PDT 2019,Wed Aug 07 01:56:18 PDT 2019,,,760,100% (1/1),100% (1/1),100% (1/1),d37a1637-46e7-4b0c-92e3-f5cc28e0f04e
386659BNTLH4OT728JA0F3S2HS401M,309SUPN8PF56D54DJNMFAUTDA3OH2F,Interactive verification of words,"Written words require comparison to spoken words. The connection should be accepted if they match, declined if they don't.","survey, demographics, experiment, cryptography",$0.90,Wed Aug 07 01:41:25 PDT 2019,104,BatchId:3728161;OriginalHitTemplateId:920937340;,1200,259200,Wed Aug 07 02:14:06 PDT 2019,,,3P529IW9KYLBXOOQUDG6R9J8DZBLF1,A3D9DWZK2IS3RE,Approved,Wed Aug 07 01:52:16 PDT 2019,Wed Aug 07 02:08:47 PDT 2019,Sat Aug 10 02:08:47 PDT 2019,Wed Aug 07 02:51:29 PDT 2019,,,991,100% (1/1),100% (1/1),100% (1/1),cc14627f-8968-40ea-a25b-e19af632f4ca
386659BNTLH4OT728JA0F3S2HS401M,309SUPN8PF56D54DJNMFAUTDA3OH2F,Interactive verification of words,"Written words require comparison to spoken words. The connection should be accepted if they match, declined if they don't.","survey, demographics, experiment, cryptography",$0.90,Wed Aug 07 01:41:25 PDT 2019,104,BatchId:3728161;OriginalHitTemplateId:920937340;,1200,259200,Wed Aug 07 02:14:06 PDT 2019,,,3PDJHANYK5GDSZCP2ZY45BDO3J16HE,A214SYJ4S05Y2A,Approved,Wed Aug 07 02:08:59 PDT 2019,Wed Aug 07 02:18:44 PDT 2019,Sat Aug 10 02:18:44 PDT 2019,Wed Aug 07 02:51:29 PDT 2019,,,585,100% (1/1),100% (1/1),100% (1/1),acb06657-35d8-4b06-9b9f-9359632f549c
386659BNTLH4OT728JA0F3S2HS401M,309SUPN8PF56D54DJNMFAUTDA3OH2F,Interactive verification of words,"Written words require comparison to spoken words. The connection should be accepted if they match, declined if they don't.","survey, demographics, experiment, cryptography",$0.90,Wed Aug 07 01:41:25 PDT 2019,104,BatchId:3728161;OriginalHitTemplateId:920937340;,1200,259200,Wed Aug 07 02:14:06 PDT 2019,,,3PJUZCGDJ6G7H7DUX27AC8BRQ1I98C,AICLPVNM3OUQ2,Approved,Wed Aug 07 01:57:59 PDT 2019,Wed Aug 07 02:12:29 PDT 2019,Sat Aug 10 02:12:29 PDT 2019,Wed Aug 07 02:51:29 PDT 2019,,,870,100% (1/1),100% (1/1),100% (1/1),1f6740d2-bc68-45ef-ae7a-78dbf0629f9e
386659BNTLH4OT728JA0F3S2HS401M,309SUPN8PF56D54DJNMFAUTDA3OH2F,Interactive verification of words,"Written words require comparison to spoken words. The connection should be accepted if they match, declined if they don't.","survey, demographics, experiment, cryptography",$0.90,Wed Aug 07 01:41:25 PDT 2019,104,BatchId:3728161;OriginalHitTemplateId:920937340;,1200,259200,Wed Aug 07 02:14:06 PDT 2019,,,3PS7W85Z8Z2QFR5I00I5347E4E2T9K,AJM4334V07JDQ,Approved,Wed Aug 07 01:53:55 PDT 2019,Wed Aug 07 02:09:20 PDT 2019,Sat Aug 10 02:09:20 PDT 2019,Wed Aug 07 02:51:08 PDT 2019,Wed Aug 07 02:13:08 PDT 2019,,925,100% (1/1),100% (1/1),100% (1/1),2858a1c1-6b5b-448c-8fd5-c787e37e15d8
386659BNTLH4OT728JA0F3S2HS401M,309SUPN8PF56D54DJNMFAUTDA3OH2F,Interactive verification of words,"Written words require comparison to spoken words. The connection should be accepted if they match, declined if they don't.","survey, demographics, experiment, cryptography",$0.90,Wed Aug 07 01:41:25 PDT 2019,104,BatchId:3728161;OriginalHitTemplateId:920937340;,1200,259200,Wed Aug 07 02:14:06 PDT 2019,,,3Q5C1WP23M165KRXVRLELIJHQZS15S,A13LSQREEVA74R,Approved,Wed Aug 07 01:42:38 PDT 2019,Wed Aug 07 02:00:38 PDT 2019,Sat Aug 10 02:00:38 PDT 2019,Wed Aug 07 02:51:30 PDT 2019,,,1080,100% (1/1),100% (1/1),100% (1/1),88f5b91f-eedb-41a7-9f6f-68c5cdf219fc
386659BNTLH4OT728JA0F3S2HS401M,309SUPN8PF56D54DJNMFAUTDA3OH2F,Interactive verification of words,"Written words require comparison to spoken words. The connection should be accepted if they match, declined if they don't.","survey, demographics, experiment, cryptography",$0.90,Wed Aug 07 01:41:25 PDT 2019,104,BatchId:3728161;OriginalHitTemplateId:920937340;,1200,259200,Wed Aug 07 02:14:06 PDT 2019,,,3QECW5O0KH17E436XA5ORO2CIIJ5T5,AYUZGGAGNM9FT,Approved,Wed Aug 07 01:41:56 PDT 2019,Wed Aug 07 02:01:29 PDT 2019,Sat Aug 10 02:01:29 PDT 2019,Wed Aug 07 02:51:07 PDT 2019,Wed Aug 07 02:05:10 PDT 2019,,1173,100% (1/1),100% (1/1),100% (1/1),AYUZGGAGNM9FT
386659BNTLH4OT728JA0F3S2HS401M,309SUPN8PF56D54DJNMFAUTDA3OH2F,Interactive verification of words,"Written words require comparison to spoken words. The connection should be accepted if they match, declined if they don't.","survey, demographics, experiment, cryptography",$0.90,Wed Aug 07 01:41:25 PDT 2019,104,BatchId:3728161;OriginalHitTemplateId:920937340;,1200,259200,Wed Aug 07 02:14:06 PDT 2019,,,3QY5DC2MXRKEGEBK3R87IWFRQQ5FUQ,A2SY4E7MRC15MM,Approved,Wed Aug 07 02:04:48 PDT 2019,Wed Aug 07 02:11:43 PDT 2019,Sat Aug 10 02:11:43 PDT 2019,Wed Aug 07 02:51:30 PDT 2019,,,415,100% (1/1),100% (1/1),100% (1/1),faf2bb7b-1eeb-4e77-84f7-02782a1b1266
386659BNTLH4OT728JA0F3S2HS401M,309SUPN8PF56D54DJNMFAUTDA3OH2F,Interactive verification of words,"Written words require comparison to spoken words. The connection should be accepted if they match, declined if they don't.","survey, demographics, experiment, cryptography",$0.90,Wed Aug 07 01:41:25 PDT 2019,104,BatchId:3728161;OriginalHitTemplateId:920937340;,1200,259200,Wed Aug 07 02:14:06 PDT 2019,,,3RJSC4XJ10U6YV6FZ8HE7D07L7N50U,A25WD1TRNQVH3L,Approved,Wed Aug 07 01:58:21 PDT 2019,Wed Aug 07 02:15:13 PDT 2019,Sat Aug 10 02:15:13 PDT 2019,Wed Aug 07 02:51:30 PDT 2019,,,1012,100% (1/1),100% (1/1),100% (1/1),9417d4ae-d062-4803-9e82-a57c73d1a1ca
386659BNTLH4OT728JA0F3S2HS401M,309SUPN8PF56D54DJNMFAUTDA3OH2F,Interactive verification of words,"Written words require comparison to spoken words. The connection should be accepted if they match, declined if they don't.","survey, demographics, experiment, cryptography",$0.90,Wed Aug 07 01:41:25 PDT 2019,104,BatchId:3728161;OriginalHitTemplateId:920937340;,1200,259200,Wed Aug 07 02:14:06 PDT 2019,,,3RRCEFRB7MCPMZ5PJJVTM2QCCFPB4H,A1Y6VW621TEYXN,Approved,Wed Aug 07 01:56:01 PDT 2019,Wed Aug 07 02:12:02 PDT 2019,Sat Aug 10 02:12:02 PDT 2019,Wed Aug 07 02:51:30 PDT 2019,,,961,100% (1/1),100% (1/1),100% (1/1),23a49ebc-e906-4029-9668-ac6f681bb3cd
386659BNTLH4OT728JA0F3S2HS401M,309SUPN8PF56D54DJNMFAUTDA3OH2F,Interactive verification of words,"Written words require comparison to spoken words. The connection should be accepted if they match, declined if they don't.","survey, demographics, experiment, cryptography",$0.90,Wed Aug 07 01:41:25 PDT 2019,104,BatchId:3728161;OriginalHitTemplateId:920937340;,1200,259200,Wed Aug 07 02:14:06 PDT 2019,,,3S06PH7KSR419X6QAX3XJU793GQ1D0,A2N825X4R5H7EK,Approved,Wed Aug 07 01:42:36 PDT 2019,Wed Aug 07 02:01:51 PDT 2019,Sat Aug 10 02:01:51 PDT 2019,Wed Aug 07 02:51:08 PDT 2019,Wed Aug 07 02:05:02 PDT 2019,,1155,100% (1/1),100% (1/1),100% (1/1),A2N825X4R5H7EK
386659BNTLH4OT728JA0F3S2HS401M,309SUPN8PF56D54DJNMFAUTDA3OH2F,Interactive verification of words,"Written words require comparison to spoken words. The connection should be accepted if they match, declined if they don't.","survey, demographics, experiment, cryptography",$0.90,Wed Aug 07 01:41:25 PDT 2019,104,BatchId:3728161;OriginalHitTemplateId:920937340;,1200,259200,Wed Aug 07 02:14:06 PDT 2019,,,3SEPORI8WNZ06MOMYYLNLNJFVS6AZW,A1YSYI926BBOHW,Approved,Wed Aug 07 01:41:43 PDT 2019,Wed Aug 07 01:49:56 PDT 2019,Sat Aug 10 01:49:56 PDT 2019,Wed Aug 07 02:01:11 PDT 2019,,,493,100% (1/1),100% (1/1),100% (1/1),fd3ef611-655c-41be-a1d3-a3ef3a53c5db
386659BNTLH4OT728JA0F3S2HS401M,309SUPN8PF56D54DJNMFAUTDA3OH2F,Interactive verification of words,"Written words require comparison to spoken words. The connection should be accepted if they match, declined if they don't.","survey, demographics, experiment, cryptography",$0.90,Wed Aug 07 01:41:25 PDT 2019,104,BatchId:3728161;OriginalHitTemplateId:920937340;,1200,259200,Wed Aug 07 02:14:06 PDT 2019,,,3TK8OJTYM1LQK6PEMKEHQCVE630PVR,A21LB023L14XC1,Approved,Wed Aug 07 01:50:49 PDT 2019,Wed Aug 07 02:08:07 PDT 2019,Sat Aug 10 02:08:07 PDT 2019,Wed Aug 07 02:51:30 PDT 2019,,,1038,100% (1/1),100% (1/1),100% (1/1),70ae301a-650c-47c7-9ab3-565753ff0db4
386659BNTLH4OT728JA0F3S2HS401M,309SUPN8PF56D54DJNMFAUTDA3OH2F,Interactive verification of words,"Written words require comparison to spoken words. The connection should be accepted if they match, declined if they don't.","survey, demographics, experiment, cryptography",$0.90,Wed Aug 07 01:41:25 PDT 2019,104,BatchId:3728161;OriginalHitTemplateId:920937340;,1200,259200,Wed Aug 07 02:14:06 PDT 2019,,,3TMFV4NEP8EIT3Q2QDH2QSJ2O21W8N,A3HVFSD8K94SOR,Approved,Wed Aug 07 01:42:44 PDT 2019,Wed Aug 07 02:01:24 PDT 2019,Sat Aug 10 02:01:24 PDT 2019,Wed Aug 07 02:51:30 PDT 2019,,,1120,100% (1/1),100% (1/1),100% (1/1),e617dc98-d8be-47b4-bd7c-5a7df0a459d1
386659BNTLH4OT728JA0F3S2HS401M,309SUPN8PF56D54DJNMFAUTDA3OH2F,Interactive verification of words,"Written words require comparison to spoken words. The connection should be accepted if they match, declined if they don't.","survey, demographics, experiment, cryptography",$0.90,Wed Aug 07 01:41:25 PDT 2019,104,BatchId:3728161;OriginalHitTemplateId:920937340;,1200,259200,Wed Aug 07 02:14:06 PDT 2019,,,3TR2532VIPU9J57FQZ1PHOT3GB36JH,A3N937NUPHW984,Approved,Wed Aug 07 01:43:36 PDT 2019,Wed Aug 07 01:53:14 PDT 2019,Sat Aug 10 01:53:14 PDT 2019,Wed Aug 07 02:01:12 PDT 2019,,,578,100% (1/1),100% (1/1),100% (1/1),efd028bf-f12f-4d6c-bf4b-a8490b256a8f
386659BNTLH4OT728JA0F3S2HS401M,309SUPN8PF56D54DJNMFAUTDA3OH2F,Interactive verification of words,"Written words require comparison to spoken words. The connection should be accepted if they match, declined if they don't.","survey, demographics, experiment, cryptography",$0.90,Wed Aug 07 01:41:25 PDT 2019,104,BatchId:3728161;OriginalHitTemplateId:920937340;,1200,259200,Wed Aug 07 02:14:06 PDT 2019,,,3U84XHCDICDL4X85PXBW8KXF3I9Z49,A10Z4QVBJIA914,Approved,Wed Aug 07 01:43:03 PDT 2019,Wed Aug 07 01:58:54 PDT 2019,Sat Aug 10 01:58:54 PDT 2019,Wed Aug 07 02:51:30 PDT 2019,,,951,100% (1/1),100% (1/1),100% (1/1),b9bb3956-6adb-420c-96ea-91965c321356
386659BNTLH4OT728JA0F3S2HS401M,309SUPN8PF56D54DJNMFAUTDA3OH2F,Interactive verification of words,"Written words require comparison to spoken words. The connection should be accepted if they match, declined if they don't.","survey, demographics, experiment, cryptography",$0.90,Wed Aug 07 01:41:25 PDT 2019,104,BatchId:3728161;OriginalHitTemplateId:920937340;,1200,259200,Wed Aug 07 02:14:06 PDT 2019,,,3V5Q80FXIXRAGQMP0CXZB4V249F32L,A9JPMRRBFO4NL,Approved,Wed Aug 07 01:41:48 PDT 2019,Wed Aug 07 02:00:09 PDT 2019,Sat Aug 10 02:00:09 PDT 2019,Wed Aug 07 02:51:30 PDT 2019,,,1101,100% (1/1),100% (1/1),100% (1/1),f42b9485-8a1f-439e-b913-817b886c7456
386659BNTLH4OT728JA0F3S2HS401M,309SUPN8PF56D54DJNMFAUTDA3OH2F,Interactive verification of words,"Written words require comparison to spoken words. The connection should be accepted if they match, declined if they don't.","survey, demographics, experiment, cryptography",$0.90,Wed Aug 07 01:41:25 PDT 2019,104,BatchId:3728161;OriginalHitTemplateId:920937340;,1200,259200,Wed Aug 07 02:14:06 PDT 2019,,,3VNL7UK1XFJZG1WV3MIXD0TP7CWTFB,A38DC3BG1ZCVZ2,Approved,Wed Aug 07 01:41:54 PDT 2019,Wed Aug 07 01:59:05 PDT 2019,Sat Aug 10 01:59:05 PDT 2019,Wed Aug 07 02:51:31 PDT 2019,,,1031,100% (1/1),100% (1/1),100% (1/1),345ddd74-aa5d-41ee-bb3c-7c42e466abb8
386659BNTLH4OT728JA0F3S2HS401M,309SUPN8PF56D54DJNMFAUTDA3OH2F,Interactive verification of words,"Written words require comparison to spoken words. The connection should be accepted if they match, declined if they don't.","survey, demographics, experiment, cryptography",$0.90,Wed Aug 07 01:41:25 PDT 2019,104,BatchId:3728161;OriginalHitTemplateId:920937340;,1200,259200,Wed Aug 07 02:14:06 PDT 2019,,,3WSELTNVR324KAFNS6W5ZZIYAWLTA0,A37EV8RZ82WT8E,Approved,Wed Aug 07 02:06:22 PDT 2019,Wed Aug 07 02:24:57 PDT 2019,Sat Aug 10 02:24:57 PDT 2019,Wed Aug 07 02:51:31 PDT 2019,,,1115,100% (1/1),100% (1/1),100% (1/1),5361dced-0bc9-49cc-8bf7-039966dd1801
386659BNTLH4OT728JA0F3S2HS401M,309SUPN8PF56D54DJNMFAUTDA3OH2F,Interactive verification of words,"Written words require comparison to spoken words. The connection should be accepted if they match, declined if they don't.","survey, demographics, experiment, cryptography",$0.90,Wed Aug 07 01:41:25 PDT 2019,104,BatchId:3728161;OriginalHitTemplateId:920937340;,1200,259200,Wed Aug 07 02:14:06 PDT 2019,,,3X4MXAO0BGOOB85YPMN2H9E7EURWR1,AX29XXI8QOSC6,Approved,Wed Aug 07 02:09:45 PDT 2019,Wed Aug 07 02:18:59 PDT 2019,Sat Aug 10 02:18:59 PDT 2019,Wed Aug 07 02:51:31 PDT 2019,,,554,100% (1/1),100% (1/1),100% (1/1),edff2b48-d4eb-4612-bd0e-7b3add6e12e9
386659BNTLH4OT728JA0F3S2HS401M,309SUPN8PF56D54DJNMFAUTDA3OH2F,Interactive verification of words,"Written words require comparison to spoken words. The connection should be accepted if they match, declined if they don't.","survey, demographics, experiment, cryptography",$0.90,Wed Aug 07 01:41:25 PDT 2019,104,BatchId:3728161;OriginalHitTemplateId:920937340;,1200,259200,Wed Aug 07 02:14:06 PDT 2019,,,3X73LLYYQ1ELZKIH1GKL7MZAY9QHNZ,A2Q0LZUZO1T2KN,Approved,Wed Aug 07 02:12:39 PDT 2019,Wed Aug 07 02:20:14 PDT 2019,Sat Aug 10 02:20:14 PDT 2019,Wed Aug 07 02:51:31 PDT 2019,,,455,100% (1/1),100% (1/1),100% (1/1),6cd3900b-702b-4fad-a0bb-cbe8852e798b
386659BNTLH4OT728JA0F3S2HS401M,309SUPN8PF56D54DJNMFAUTDA3OH2F,Interactive verification of words,"Written words require comparison to spoken words. The connection should be accepted if they match, declined if they don't.","survey, demographics, experiment, cryptography",$0.90,Wed Aug 07 01:41:25 PDT 2019,104,BatchId:3728161;OriginalHitTemplateId:920937340;,1200,259200,Wed Aug 07 02:14:06 PDT 2019,,,3Y54SXRO1LLOZJTLYBDWZ0USHZBTUA,A1S88VQY8G8CNC,Approved,Wed Aug 07 01:44:14 PDT 2019,Wed Aug 07 02:00:40 PDT 2019,Sat Aug 10 02:00:40 PDT 2019,Wed Aug 07 02:51:31 PDT 2019,,,986,100% (1/1),100% (1/1),100% (1/1),43be8eb9-975e-4ae0-8248-eabe638ccf2e
386659BNTLH4OT728JA0F3S2HS401M,309SUPN8PF56D54DJNMFAUTDA3OH2F,Interactive verification of words,"Written words require comparison to spoken words. The connection should be accepted if they match, declined if they don't.","survey, demographics, experiment, cryptography",$0.90,Wed Aug 07 01:41:25 PDT 2019,104,BatchId:3728161;OriginalHitTemplateId:920937340;,1200,259200,Wed Aug 07 02:14:06 PDT 2019,,,3YMU66OBIN8FPS1VEC7QH2QDXX4GHQ,A2REBBMVBFBWFD,Approved,Wed Aug 07 02:08:47 PDT 2019,Wed Aug 07 02:20:35 PDT 2019,Sat Aug 10 02:20:35 PDT 2019,Wed Aug 07 02:51:31 PDT 2019,,,708,100% (2/2),100% (2/2),100% (2/2),042a3e06-a03b-4978-9ba9-e59d8695bfb8
3LEG2HW4UFN2AI4OU5TZNTPBF07F2M,37GOL843ZOIG5BBI763GDYCPMUSWEX,Interactive verification of words,"Written words require comparison to spoken words. The connection should be accepted if they match, declined if they don't.","survey, demographics, experiment, cryptography",$0.90,Wed Aug 07 03:25:54 PDT 2019,9,BatchId:3728197;OriginalHitTemplateId:920937340;,2340,259200,Wed Aug 14 03:25:54 PDT 2019,,,31IBVUNM9SZETT0K8HICEIHA4XOVF5,A27NBGO9FXJS8Q,Approved,Wed Aug 07 03:51:57 PDT 2019,Wed Aug 07 04:13:34 PDT 2019,Sat Aug 10 04:13:34 PDT 2019,Wed Aug 07 04:52:27 PDT 2019,,,1297,100% (1/1),100% (1/1),100% (1/1),c6528e1a-b43d-4328-bf9f-ad6e241cd3e8
3LEG2HW4UFN2AI4OU5TZNTPBF07F2M,37GOL843ZOIG5BBI763GDYCPMUSWEX,Interactive verification of words,"Written words require comparison to spoken words. The connection should be accepted if they match, declined if they don't.","survey, demographics, experiment, cryptography",$0.90,Wed Aug 07 03:25:54 PDT 2019,9,BatchId:3728197;OriginalHitTemplateId:920937340;,2340,259200,Wed Aug 14 03:25:54 PDT 2019,,,3300DTYQT2HUI747R74WQDX2B4SEQA,A1V2H0UF94ATWY,Approved,Wed Aug 07 04:40:13 PDT 2019,Wed Aug 07 04:47:45 PDT 2019,Sat Aug 10 04:47:45 PDT 2019,Wed Aug 07 04:52:27 PDT 2019,,,452,100% (1/1),100% (1/1),100% (1/1),6705ee1d-7cbe-4c68-a18c-9fc8133742b1
3LEG2HW4UFN2AI4OU5TZNTPBF07F2M,37GOL843ZOIG5BBI763GDYCPMUSWEX,Interactive verification of words,"Written words require comparison to spoken words. The connection should be accepted if they match, declined if they don't.","survey, demographics, experiment, cryptography",$0.90,Wed Aug 07 03:25:54 PDT 2019,9,BatchId:3728197;OriginalHitTemplateId:920937340;,2340,259200,Wed Aug 14 03:25:54 PDT 2019,,,3C44YUNSI1P4QPPSVZENKQP76WCDPW,A2VFEDAK5C1E1O,Approved,Wed Aug 07 04:45:25 PDT 2019,Wed Aug 07 04:54:17 PDT 2019,Sat Aug 10 04:54:17 PDT 2019,Wed Aug 07 04:57:46 PDT 2019,,,532,100% (1/1),100% (1/1),100% (1/1),dc6ee4d4-eac2-46b8-a714-4c73160ddad1
3LEG2HW4UFN2AI4OU5TZNTPBF07F2M,37GOL843ZOIG5BBI763GDYCPMUSWEX,Interactive verification of words,"Written words require comparison to spoken words. The connection should be accepted if they match, declined if they don't.","survey, demographics, experiment, cryptography",$0.90,Wed Aug 07 03:25:54 PDT 2019,9,BatchId:3728197;OriginalHitTemplateId:920937340;,2340,259200,Wed Aug 14 03:25:54 PDT 2019,,,3JC6VJ2SABJ2Z84XRAE7WJCKUT75AT,A2IGPW784OFV3D,Approved,Wed Aug 07 04:05:38 PDT 2019,Wed Aug 07 04:12:55 PDT 2019,Sat Aug 10 04:12:55 PDT 2019,Wed Aug 07 04:52:27 PDT 2019,,,437,100% (1/1),100% (1/1),100% (1/1),90f92a8e-c7a0-472b-8000-5cfe5706c8ae
3LEG2HW4UFN2AI4OU5TZNTPBF07F2M,37GOL843ZOIG5BBI763GDYCPMUSWEX,Interactive verification of words,"Written words require comparison to spoken words. The connection should be accepted if they match, declined if they don't.","survey, demographics, experiment, cryptography",$0.90,Wed Aug 07 03:25:54 PDT 2019,9,BatchId:3728197;OriginalHitTemplateId:920937340;,2340,259200,Wed Aug 14 03:25:54 PDT 2019,,,3MYYFCXHJ37LDGD0Z5N7NDH9SSWG4I,A3F8G26PENQ6EO,Approved,Wed Aug 07 04:45:47 PDT 2019,Wed Aug 07 04:53:33 PDT 2019,Sat Aug 10 04:53:33 PDT 2019,Wed Aug 07 04:58:03 PDT 2019,,,466,100% (1/1),100% (1/1),100% (1/1),b0069df4-053e-41e9-a356-baafee7c3854
3LEG2HW4UFN2AI4OU5TZNTPBF07F2M,37GOL843ZOIG5BBI763GDYCPMUSWEX,Interactive verification of words,"Written words require comparison to spoken words. The connection should be accepted if they match, declined if they don't.","survey, demographics, experiment, cryptography",$0.90,Wed Aug 07 03:25:54 PDT 2019,9,BatchId:3728197;OriginalHitTemplateId:920937340;,2340,259200,Wed Aug 14 03:25:54 PDT 2019,,,3S3AMIZX3U5LW0GOQUSH0QQ07DQCDA,A17LF7GCAFYMSL,Approved,Wed Aug 07 03:26:10 PDT 2019,Wed Aug 07 03:49:57 PDT 2019,Sat Aug 10 03:49:57 PDT 2019,Wed Aug 07 03:53:13 PDT 2019,,,1427,100% (1/1),100% (1/1),100% (1/1),32b339eb-a6b1-4145-9990-83b4dc230eef
3LEG2HW4UFN2AI4OU5TZNTPBF07F2M,37GOL843ZOIG5BBI763GDYCPMUSWEX,Interactive verification of words,"Written words require comparison to spoken words. The connection should be accepted if they match, declined if they don't.","survey, demographics, experiment, cryptography",$0.90,Wed Aug 07 03:25:54 PDT 2019,9,BatchId:3728197;OriginalHitTemplateId:920937340;,2340,259200,Wed Aug 14 03:25:54 PDT 2019,,,3TU5ZICBRD1D96UGE4IWY31G01Y8Q9,A2WGW5Y3ZFBDEC,Approved,Wed Aug 07 04:05:59 PDT 2019,Wed Aug 07 04:26:16 PDT 2019,Sat Aug 10 04:26:16 PDT 2019,Wed Aug 07 04:52:28 PDT 2019,,,1217,100% (2/2),100% (2/2),100% (2/2),86d2c509-76c9-46d2-b577-a2ef8e58a74c
