Timestamp,Worker ID,Gender,Age,Highest Education,English comprehension
02/08/2019 10:50:09,A3NFBTB5I1X6HI,Female,28,Bachelor's degree,5
02/08/2019 10:53:28,A183WYXN12P2TJ,Male,38,Bachelor's degree,5
02/08/2019 10:55:28,A2WGW5Y3ZFBDEC,Male,48,Bachelor's degree,5
02/08/2019 11:02:49,A3774HPOUKYTX7,Male,36,Bachelor's degree,5
02/08/2019 12:54:07,A53WVYONK6B9Q,Male,26,GCSE,5
02/08/2019 12:59:23,A1V7SD89P2M326,Male,26,A-Level / O-Level,5
02/08/2019 12:59:37,A1ZD8RU6YB0VEU,Male,25,GCSE,5
02/08/2019 13:00:21,A2VLXSJ6USBYWS,Male,35,Bachelor's degree,5
02/08/2019 13:00:57,AMPMTF5IAAMK8,Male,37,Master's degree,5
02/08/2019 13:01:51,A2B7SPYBPF7H8I,Female,51,A-Level / O-Level,5
02/08/2019 13:02:24,A2C7A6E70NYNUI,Female,25,GCSE,5
02/08/2019 13:05:09,AVDQYRGQOAED,Female,38,A-Level / O-Level,5
02/08/2019 13:11:26,A2YTGHCG4PJKYW,Female,32,Master's degree,5
02/08/2019 13:20:50,A2EKR2ZFO10VMV,Female,28,A-Level / O-Level,5
02/08/2019 13:27:56,A27SMEOPKV84VI,Female,37,GCSE,5
02/08/2019 15:29:57,A1C7XI68SED8JE,Female,36,Bachelor's degree,5
02/08/2019 15:56:55,A1601UNFFAAQOI,Female,33,Bachelor's degree,5
03/08/2019 11:38:06,A3LPHYONE222OY,Male,39,Bachelor's degree,5
03/08/2019 11:38:17,A98E8M4QLI9RS,Female,52,A-Level / O-Level,5
03/08/2019 11:38:42,A23ONWDSVICDCY,Male,29,Bachelor's degree,5
03/08/2019 11:39:05,A18WSAKX5YN2FB,Female,41,GCSE,5
03/08/2019 11:39:47,A3I5PK0T80KGRJ,Female,28,GCSE,5
03/08/2019 11:40:53,A1OZPLHNIU1519,Male,55,A-Level / O-Level,5
03/08/2019 11:41:16,AZIAQJWXTSFUX ,Male,41,Bachelor's degree,5
03/08/2019 11:41:54,A1P7SR0R2B60C7,Female,69,GCSE,5
03/08/2019 11:43:40,A2Q39WMBAU71OE,Female,27,Bachelor's degree,5
03/08/2019 11:44:02,A36O6HP64YFT2Y,Female,27,PhD,5
03/08/2019 11:45:06,A2Q39WMBAU71OE,Female,27,Bachelor's degree,5
03/08/2019 11:47:35,A10GTES5DWC49Z,Male,24,GCSE,5
03/08/2019 11:48:21,A29TY4SX33SV58,Male,35,A-Level / O-Level,5
03/08/2019 11:49:34,A1MP4V8PQ1FFOE,Male,39,A-Level / O-Level,5
03/08/2019 11:51:07,ABLXAMHV1IQD5,Male,34,PhD,5
03/08/2019 11:51:47,A3UDUHUVFKD833,Female,36,GCSE,5
03/08/2019 11:57:05,ALN9GFZQLOZLY,Male,49,A-Level / O-Level,5
03/08/2019 11:59:12,A1T4HSFG9NPJ23,Male,30,Bachelor's degree,5
03/08/2019 12:00:12,A2XAEFI6S2DUU3,Male,29,Bachelor's degree,4
03/08/2019 12:00:44,A20XPARTTWNNK2,Male,35,Master's degree,5
03/08/2019 12:02:29,A3HOBJ4PJUOCUN,Female,59,GCSE,5
03/08/2019 12:07:52,A1N18MITH00IW7,Male,29,Master's degree,5
03/08/2019 12:08:04,A1HNR6OIRFCEHS,Female,28,Bachelor's degree,4
03/08/2019 12:15:29,AC3M3W5K21QER,Female,29,GCSE,5
03/08/2019 12:19:52,A301K9WNOGYXYG,Female,24,A-Level / O-Level,5
03/08/2019 12:21:14,A37J4P6DFUQ2EV,Male,29,A-Level / O-Level,5
03/08/2019 12:22:01,A1IVRODRZ7H3YZ ,Female,44,Bachelor's degree,5
03/08/2019 12:24:07,A1AZTE5W2MF1TU,Female,71,A-Level / O-Level,5
03/08/2019 12:30:27,A1S5SPI4NQPGSI,Female,60,Bachelor's degree,5
03/08/2019 12:31:20,A3IQ9V1JSB2RJO,Female,40,Bachelor's degree,5
03/08/2019 12:31:23,A365H1OJMQ43F9,Male,55,GCSE,5
03/08/2019 12:32:28,A1L4WK9O5ALR0L,Female,35,Bachelor's degree,5
03/08/2019 12:32:44,A3HII8DX9SINOU,Female,32,Master's degree,5
03/08/2019 12:33:10,AMOO2P3A36ULC,Female,50,A-Level / O-Level,5
03/08/2019 12:33:54,A3GTPW3MYSLMR7,Female,41,Bachelor's degree,5
03/08/2019 12:35:11,A1JIIKZ0LB73GZ,Female,20,A-Level / O-Level,5
03/08/2019 12:35:31,A2M4QB5T835AW1,Female,40,Bachelor's degree,5
03/08/2019 12:36:04,AM0QVBV8L6QCJ,Male,57,Master's degree,5
03/08/2019 12:40:05,A3JG44GC9BIM58,Female,42,Master's degree,5
03/08/2019 12:40:52,AJSEVVPJVIH1A,Male,40,Bachelor's degree,5
03/08/2019 12:41:03,A1ZRDTRNC99FXO,Female,38,Bachelor's degree,5
03/08/2019 12:41:09,A2PJTR5IJ8OUIS,Female,44,GCSE,5
03/08/2019 12:42:10,A1IER2TH8XZGA4,Female,36,GCSE,5
03/08/2019 12:42:23,A1X7FVM9URL2CR,Female,59,GCSE,5
03/08/2019 12:42:39,A19KXJ5PWHS6YH,Female,38,Master's degree,5
03/08/2019 12:43:51,A2RLY2I4U06ETD,Male,61,GCSE,5
03/08/2019 12:44:15,A2OARJ7KZR3HRZ,Female,57,Master's degree,5
03/08/2019 12:53:38,A3IXE5PJZ5CO81,Male,65,Bachelor's degree,5
03/08/2019 12:53:41,A13ON8yD04U972 ,Male,30,A-Level / O-Level,5
03/08/2019 12:57:53,A2ROSI29CVVKGO,Male,34,A-Level / O-Level,5
03/08/2019 12:58:02,ASQJ4Z3WF3ZFP,Female,47,GCSE,5
03/08/2019 12:59:07,A291UL6WXA711F,Female,28,Master's degree,5
03/08/2019 12:59:59,A3B9OZQTE4US3T,Male,41,Bachelor's degree,5
03/08/2019 13:01:03,ASQJ4Z3WF3ZFP,Female,47,GCSE,5
03/08/2019 13:01:45,A1BVG13MHBM1YD,Female,42,GCSE,5
03/08/2019 13:03:03,A35UOR07SAT5IY,Female,34,Master's degree,5
03/08/2019 13:03:17,A1ZT0TLZZTT47M,Male,58,Bachelor's degree,5
03/08/2019 13:04:25,A2U8IBLKZ3K6AY,Male,52,GCSE,5
03/08/2019 13:04:30,A3BJCFSYT1GPJ3,Female,26,A-Level / O-Level,5
03/08/2019 13:05:25,A1OSRB1Q63XXWZ,Female,58,Bachelor's degree,5
03/08/2019 13:05:34,A2U8IBLKZ3K6AY,Male,52,A-Level / O-Level,5
03/08/2019 13:06:17,A3UWM3KJYEL5XU,Male,34,Bachelor's degree,5
03/08/2019 13:11:07,A25894CV44ZZ0V,Female,36,Bachelor's degree,5
03/08/2019 13:14:54,A161AJDHLJVCLZ,Female,31,Master's degree,5
03/08/2019 13:17:44,A23VM3SZWYATBO,Female,53,A-Level / O-Level,5
03/08/2019 13:19:57,A1THSBWV04YAIK,Female,57,GCSE,5
03/08/2019 13:20:13,A3T3KEK5G6JYTZ,Female,49,Bachelor's degree,5
03/08/2019 13:22:24,A24ZKEJTS1O4IW,Male,30,Bachelor's degree,5
03/08/2019 13:23:52,A36IYIE23IO4HE,Female,43,A-Level / O-Level,5
03/08/2019 13:24:55,A2Z03W0OORZLU8,Female,35,Bachelor's degree,5
03/08/2019 13:26:39,SSAS,Male,33,Master's degree,2
03/08/2019 13:28:26,A1Q750ZJ5SMP6Z,Female,30,A-Level / O-Level,5
03/08/2019 13:29:31,A2ZGRB5DEGOG9C,Male,36,GCSE,5
03/08/2019 13:36:05,A1OU8F92A7M3MR,Female,54,Bachelor's degree,5
03/08/2019 13:37:22,A2FA3YF4X1H4V2,Female,26,A-Level / O-Level,5
03/08/2019 13:42:44,A2VLXSJ6USBYWS,Male,35,Bachelor's degree,5
03/08/2019 13:44:29,ADXRJFEHIDXRE,Male,26,Bachelor's degree,5
03/08/2019 13:44:56,A2NI2HSU84PHJW,Female,28,Bachelor's degree,5
03/08/2019 13:45:02,A2P3UQZWK9Y3B3,Male,40,Bachelor's degree,4
03/08/2019 13:46:07,A2P3UQZWK9Y3B3,Female,40,Bachelor's degree,4
03/08/2019 13:46:26,AT37XBKO802OL,Female,54,Master's degree,5
03/08/2019 13:51:29,A1OBRTA28SQTWT,Female,40,Master's degree,5
03/08/2019 13:52:49,AL4G180SOE4E6,Male,29,A-Level / O-Level,5
03/08/2019 13:54:00,A3L8T9F5WX6IZ3,Female,49,Bachelor's degree,5
03/08/2019 13:55:19,A3L8T9F5WX6IZ3,Female,49,Bachelor's degree,5
03/08/2019 13:55:56,A2C6HMH2FDM2CI,Male,58,GCSE,5
03/08/2019 13:56:24,A1GQ2Q1USIMC63,Female,26,Bachelor's degree,5
03/08/2019 13:56:53,A2KOVSTZGWSVYC,Female,29,GCSE,5
03/08/2019 13:59:18,A2CN43OJX0W3HC,Female,37,GCSE,5
03/08/2019 14:00:34,A3R200ORBBFDYT,Female,31,A-Level / O-Level,5
03/08/2019 14:00:34,A2CB7WDJ9V6VVN,Female,36,Master's degree,5
03/08/2019 14:01:29,A2VDGWD0BBMSP2,Male,49,Bachelor's degree,5
03/08/2019 14:02:16,A2RWB8JR7AGKXZ,Female,41,GCSE,5
03/08/2019 14:04:10,A20SXG1DHDIDI7,Female,46,GCSE,5
03/08/2019 14:06:50,A1T0ND039EWAVV,Female,40,Bachelor's degree,5
03/08/2019 14:07:19,A91OXJPTS9K30,Female,37,A-Level / O-Level,5
03/08/2019 14:07:51,A116RWC3J620YS,Male,43,Bachelor's degree,5
03/08/2019 14:09:38,A31681CCEVDIH3,Female,31,Bachelor's degree,5
03/08/2019 14:10:51,A2J6S7QR4CGXTW,Male,34,Bachelor's degree,5
03/08/2019 14:11:38,A1IXVPKQT4DXTG,Female,34,Bachelor's degree,5
03/08/2019 14:11:44,A1QNG53FHDMNMV,Female,44,A-Level / O-Level,5
03/08/2019 14:11:49,A2N6FYJAL406AF,Female,53,GCSE,5
03/08/2019 14:20:10,A2GKX7OV3D8A3T,Female,33,A-Level / O-Level,5
03/08/2019 14:20:39,AIUKV0KVALMY6,Female,33,GCSE,5
03/08/2019 14:23:18,ANN162CY5IAGN,Male,43,Bachelor's degree,5
03/08/2019 14:25:43,A2TAVILLTBWTFU,Male,30,Bachelor's degree,5
03/08/2019 14:25:49,A3A6UM3O4X5VHU,Female,32,Master's degree,4
03/08/2019 14:26:15,A2F5AZQ55LXHKT,Female,49,Master's degree,5
03/08/2019 14:27:50,A1Q995BGGPBDMB,Female,22,Bachelor's degree,5
03/08/2019 14:29:02,AC7QPNOH2LELF,Female,56,Bachelor's degree,5
03/08/2019 14:30:55,A2XF5WXEVV79IG,Female,48,GCSE,5
03/08/2019 14:33:25,A244R34WM3IZO8,Male,36,Bachelor's degree,5
03/08/2019 14:34:23,A2B2HQHFBYLTXU,Male,36,Master's degree,5
03/08/2019 14:34:55,AJQGWGESKQT4Y,Male,42,Bachelor's degree,5
03/08/2019 14:35:11,A3RIAV3H8NSUSF,Female,33,A-Level / O-Level,5
03/08/2019 14:37:42,AP9WIQ4P78XLH,Male,48,Bachelor's degree,5
03/08/2019 14:38:31,A2ECDH3FKEZIGJ,Male,25,Bachelor's degree,5
03/08/2019 14:38:56,A1XZG02BR0CZMS,Female,63,Master's degree,5
03/08/2019 14:40:27,A2E1GWCDFUAZA3,Female,41,Bachelor's degree,5
03/08/2019 14:42:32,AXV2CA5TY066N,Female,70,GCSE,5
03/08/2019 14:45:57,A3CTBNLVJHR1NJ,Male,35,PhD,5
03/08/2019 14:47:46,A3APMO8WXVH1V0,Female,27,Bachelor's degree,5
03/08/2019 14:51:33,A3KAW0XBBXOQQY,Female,45,Master's degree,5
03/08/2019 14:51:55,A3JNSBGUKVX3D7,Male,24,Bachelor's degree,5
03/08/2019 14:52:49,A295P5SW3N83P6,Female,42,Bachelor's degree,5
03/08/2019 14:52:54,A25ZZOSL7MVU22,Male,27,Bachelor's degree,5
03/08/2019 14:54:45,A4XR158GYZ3QW,Male,36,Bachelor's degree,5
03/08/2019 14:55:20,APJRAU3Y25WYZ,Female,38,Bachelor's degree,5
03/08/2019 14:55:41,A3N5ASIN8IU5A5,Male,42,Master's degree,5
03/08/2019 14:55:54,A1FN68YQBAOXCP,Female,25,Master's degree,5
03/08/2019 14:56:24,A1BBZIR1PS3PF3,Female,41,Bachelor's degree,5
03/08/2019 14:57:37,A2LAE3OM5OQ0WF,Female,33,Bachelor's degree,5
03/08/2019 14:58:22,A3HHDPKL3O3O7Y,Female,35,Bachelor's degree,5
03/08/2019 15:00:27,A23DLX3K161MH3,Female,38,A-Level / O-Level,5
03/08/2019 15:02:11,A25BRCS2JF0P0A,Female,29,Bachelor's degree,5
03/08/2019 15:02:33,A3QSJY1FFN0N6V,Female,36,A-Level / O-Level,5
03/08/2019 15:03:28,AH00EJ6PK1H3A,Male,35,GCSE,5
03/08/2019 15:03:35,A1S4ZKBLGPXYU5,Male,27,Bachelor's degree,5
03/08/2019 15:05:15,A3A5XALUBPQBCD,Female,55,A-Level / O-Level,5
03/08/2019 15:05:22,A2XQ3P6M9NZNYB,Male,30,A-Level / O-Level,5
03/08/2019 15:05:58,A350DLSKGD80NL,Female,33,Bachelor's degree,5
03/08/2019 15:06:33,APPNTU0LE3T9L,Female,32,A-Level / O-Level,5
03/08/2019 15:07:26,A27H6WMJBXIOKI,Female,35,Bachelor's degree,5
03/08/2019 15:07:30,A3QUWIT972BYUH,Female,55,Master's degree,5
03/08/2019 15:08:25,A39C210BKD7YNN,Female,48,Bachelor's degree,5
03/08/2019 15:08:49,A27G7IZ1ZOMX5T,Female,30,Bachelor's degree,5
03/08/2019 15:09:54,A31BFQ3V5CLBGH,Female,45,Bachelor's degree,5
03/08/2019 15:11:56,AE2QWV0TZNJAN,Female,25,Bachelor's degree,5
03/08/2019 15:12:14,A16020LLLA6BI7,Male,26,Master's degree,5
03/08/2019 15:13:53,A3104SZBKEKVFM,Female,37,A-Level / O-Level,5
03/08/2019 15:14:09,A2BNOEYZ3VRW2R,Female,68,Bachelor's degree,5
03/08/2019 15:14:49,A3QUWIT972BYUH,Female,55,Master's degree,5
03/08/2019 15:15:46,A1R9BZPDJZGMLU,Female,32,Bachelor's degree,5
03/08/2019 15:19:15,A3769L9B3L46US,Male,33,Master's degree,5
03/08/2019 15:19:18,A29O21ZWB1KN07,Female,36,Bachelor's degree,5
03/08/2019 15:20:30,A1RZL0QPWH1G5U,Female,47,Master's degree,5
03/08/2019 15:29:21,AFL7N7F8HI2F0,Male,24,GCSE,5
03/08/2019 15:29:26,AOY5CF0UQUMO2,Male,35,Master's degree,5
03/08/2019 15:33:22,A33PQXKQHFVF3V,Male,26,Bachelor's degree,5
03/08/2019 15:33:41,A15W208ENJ6K9F,Male,24,A-Level / O-Level,5
03/08/2019 15:34:53,A2959L16M8OES7,Female,24,Master's degree,5
03/08/2019 15:35:14,A12NNJKHIZP1TY,Female,56,GCSE,5
03/08/2019 15:47:00,A15EZCN5OCG62W,Male,29,Bachelor's degree,5
03/08/2019 15:47:01,AFOEJZ2GZY60C,Female,26,Bachelor's degree,5
03/08/2019 15:55:32,A2QPMJ4GADLUW2,Male,39,Bachelor's degree,5
03/08/2019 16:36:24,A20QXCW2IQ1JTI,Female,44,Master's degree,5
05/08/2019 10:13:36,AKMQH2MGTUWO9,Male,32,A-Level / O-Level,5
05/08/2019 10:16:45,A2IQ0QCTQ3KWLT,Female,48,GCSE,5
05/08/2019 10:20:14,A1C7XI68SED8JE,Female,36,Bachelor's degree,5
05/08/2019 10:22:09,A23FEELMFHLC9K,Female,36,Bachelor's degree,5
05/08/2019 10:28:14,ANYM0QBCV3W5N,Female,37,A-Level / O-Level,5
05/08/2019 10:35:31,A1ZD8RU6YB0VEU,Male,25,GCSE,5
05/08/2019 10:35:44,A2H9GCED75EGNT,Male,48,A-Level / O-Level,5
05/08/2019 10:36:24,A21ZMR7O42OSMI,Female,38,A-Level / O-Level,5
05/08/2019 10:46:08,A1PBRKFHSF1OF8,Female,34,Bachelor's degree,5
05/08/2019 10:50:20,A2YE2I9DYV9OKW,Male,43,Bachelor's degree,5
05/08/2019 10:51:18,A7HT0Q11PDMDO,Male,32,A-Level / O-Level,5
05/08/2019 10:56:07,A2VPCWI6X1QCDF,Female,40,GCSE,5
05/08/2019 10:58:30,A2VPCWI6X1QCDF,Female,40,GCSE,5
05/08/2019 11:15:34,A4UVMEBNED9YR,Female,38,Bachelor's degree,5
05/08/2019 11:16:24,A1DXH9HLH4NXSX,Male,38,PhD,5
05/08/2019 11:25:31,A10LLZZHZVGWRW,Female,29,Bachelor's degree,5
05/08/2019 11:26:57,A2XO8WNVUVQVW8,Male,28,Bachelor's degree,5
05/08/2019 11:28:36,AJFVK3O1D7SPE,Female,38,A-Level / O-Level,5
05/08/2019 11:29:49,A3P27SOEKGQI9C,Female,36,A-Level / O-Level,5
05/08/2019 11:32:29,A3BP890CXV4UMN,Female,54,Bachelor's degree,5
05/08/2019 11:33:33,A1KFTYQM1YKVOC,Female,35,Bachelor's degree,5
05/08/2019 11:34:52,A1RKHN69EI6ZPK,Male,33,Master's degree,5
05/08/2019 11:38:28,A1QEQ64E22TNUZ,Female,55,A-Level / O-Level,5
05/08/2019 11:39:27,A2K6QV9HRJ4V7B,Female,42,Bachelor's degree,5
05/08/2019 11:45:53,A2IBTYRQIZX1N6,Female,39,GCSE,5
05/08/2019 11:52:27,A19WXS1CLVLEEX,Male,65,A-Level / O-Level,5
05/08/2019 11:54:39,A2RCYLKY072XXO,Male,38,Bachelor's degree,5
05/08/2019 11:58:26,AINCJJNTNUM5R,Male,27,Bachelor's degree,5
05/08/2019 12:04:11,A31CQ2BUTMPXCT,Female,50,GCSE,5
05/08/2019 12:04:45,AMOO2P3A36ULC,Female,50,Bachelor's degree,5
05/08/2019 12:17:58,AOI5X12IPYJD,Female,36,Bachelor's degree,5
05/08/2019 12:18:26,AOI5X12IPYJD,Female,36,Bachelor's degree,5
05/08/2019 12:20:39,A4LCG4MSNJRUF,Female,25,Bachelor's degree,5
05/08/2019 12:24:25,A2YQ2RNOK49TY0,Female,29,GCSE,5
05/08/2019 12:25:34,A365ND5ABIQJ9M,Male,31,Bachelor's degree,5
05/08/2019 12:27:23,A2B2HQHFBYLTXU,Male,36,Master's degree,5
05/08/2019 12:29:07,A1O4W7F05T6HY0,Male,34,A-Level / O-Level,5
05/08/2019 12:30:20,AQJU0QTBRKJ3,Male,41,Bachelor's degree,5
05/08/2019 12:33:47,A1M3VJEHKWDP8I,Female,30,Bachelor's degree,5
05/08/2019 12:34:28,A1SIUJEL2LS8UO,Male,30,Bachelor's degree,5
05/08/2019 12:34:31,A3AY0315YWWNXY,Male,29,Bachelor's degree,5
05/08/2019 12:34:50,A25T7Z3Z895KHE,Female,38,Bachelor's degree,5
05/08/2019 12:35:20,A25ZZOSL7MVU22,Male,27,Bachelor's degree,5
05/08/2019 12:39:52,ASQJ4Z3WF3ZFP,Female,47,GCSE,5
05/08/2019 12:46:46,A2A3KSGT2S8SXB,Male,31,Master's degree,5
05/08/2019 12:48:19,A1HNR6OIRFCEHS,Male,25,Bachelor's degree,5
05/08/2019 12:50:08,A324M5ZRHX7RUV,Male,25,Bachelor's degree,5
05/08/2019 12:51:41,A3542PB4Z0NE80,Male,36,Bachelor's degree,5
05/08/2019 12:53:26,A3IQ9V1JSB2RJO,Female,40,Bachelor's degree,5
05/08/2019 13:00:52,A3ADQ2RLQNJQDU,Female,35,GCSE,5
05/08/2019 13:04:05,A31BFQ3V5CLBGH,Female,45,Bachelor's degree,5
05/08/2019 13:05:53,A2YG946XZ2OG2R,Female,41,PhD,5
05/08/2019 13:09:23,A3NCFBKM9YYU6A,Male,18,A-Level / O-Level,5
05/08/2019 13:10:32,A3NCFBKM9YYU6A,Male,18,A-Level / O-Level,5
05/08/2019 13:10:38,A20W9ZCV1YTGEM,Female,43,Bachelor's degree,5
05/08/2019 13:12:34,A2B630TEBVCC7U,Female,44,Bachelor's degree,5
05/08/2019 13:14:37,A8HSPSD88CUTS,Male,31,GCSE,5
05/08/2019 13:15:16,A21XSR8BER3AUQ,Female,32,Bachelor's degree,5
05/08/2019 13:15:30,A1MIB492BU9KIQ,Female,45,A-Level / O-Level,5
05/08/2019 13:15:59,A29SRZDSUBPIOX,Male,35,GCSE,5
05/08/2019 13:17:31,A1L2N1X8U8Z3W7,Female,31,Bachelor's degree,5
05/08/2019 13:19:27,A1JPUM7KH3020K,Female,57,GCSE,5
05/08/2019 13:19:39,A33S60LF9CO9EH,Male,37,GCSE,5
05/08/2019 13:20:45,A37DTVGS7RX6AG,Female,68,A-Level / O-Level,5
05/08/2019 13:20:55,A1WPCMXFU9NH9G,Male,62,GCSE,5
05/08/2019 13:22:26,A3BLJ6QSDTZC9U,Female,34,Bachelor's degree,5
05/08/2019 13:24:50,AP4FDDWBJW47O,Female,54,Bachelor's degree,5
05/08/2019 13:26:17,A2F5AZQ55LXHKT,Female,49,Master's degree,5
05/08/2019 13:26:25,A3KHKFLJZN00QI,Female,29,Bachelor's degree,5
05/08/2019 13:26:56,A2105HE3NI2TQ5,Female,26,Bachelor's degree,5
05/08/2019 13:28:25,A223BBAD3U6QFR,Female,37,Bachelor's degree,5
05/08/2019 13:28:33,A2WE2OQTRCUBK1,Female,67,Bachelor's degree,5
05/08/2019 13:29:34,A7204W9E8IR1R,Female,29,GCSE,5
05/08/2019 13:29:42,A223BBAD3U6QFR,Female,37,Bachelor's degree,5
05/08/2019 13:30:26,A2JZT1SP5F3PR1,Female,65,Master's degree,5
05/08/2019 13:31:53,AL7L4BS9AW3TI,Female,52,Bachelor's degree,5
05/08/2019 13:32:04,A2JZT1SP5F3PR1,Female,65,Master's degree,5
05/08/2019 13:32:13,AHRDVUX88UJSM,Male,39,Bachelor's degree,5
05/08/2019 13:33:21,A284YHQWREBH07,Male,41,A-Level / O-Level,5
05/08/2019 13:34:14,AG6JSZQZOT8ZD,Female,51,Bachelor's degree,5
05/08/2019 13:35:44,A3GAQNTZ1V1VO,Male,29,Master's degree,5
05/08/2019 13:38:22,AH3W6E7W1EU0D,Male,39,Bachelor's degree,4
05/08/2019 13:38:24,AMPMTF5IAAMK8,Male,37,Master's degree,5
05/08/2019 13:39:55,AVRZE3S3GWKEZ,Male,27,Master's degree,5
05/08/2019 13:41:07,A242WVXZKILTNL,Female,23,Bachelor's degree,5
05/08/2019 13:43:57,A242WVXZKILTNL,Female,23,Bachelor's degree,5
05/08/2019 13:44:28,A1YH2I4Y2SYAXJ,Female,56,A-Level / O-Level,5
05/08/2019 13:44:42,A3IACFZQYCB2VV,Female,20,Bachelor's degree,5
05/08/2019 13:47:19,A16020LLLA6BI7,Male,26,Master's degree,5
05/08/2019 13:48:06,A2ZHBE1Q1VB54F,Female,20,GCSE,5
05/08/2019 13:48:34,A2ZHBE1Q1VB54F,Female,20,GCSE,5
05/08/2019 13:48:42,A2JTV44ZIGMS5D,Male,45,Bachelor's degree,5
05/08/2019 13:49:31,A223BBAD3U6QFR,Female,37,Bachelor's degree,5
05/08/2019 13:49:37,A3QSEKNS4HGECL,Male,23,A-Level / O-Level,5
05/08/2019 13:51:29,A1SMDPR4UR9D37,Female,27,Bachelor's degree,5
05/08/2019 13:54:12,A251LE41I2836F,Female,24,Master's degree,5
05/08/2019 13:54:15,A122LRCSBAD6DC,Male,27,Bachelor's degree,5
05/08/2019 13:54:27,A2K8YROH6FK1J7,Male,21,Bachelor's degree,5
05/08/2019 13:54:44,A1T3ROSW2LC4FG,Female,52,Master's degree,5
05/08/2019 13:55:33,A24ZKEJTS1O4IW,Male,30,Bachelor's degree,5
05/08/2019 14:00:11,A1T643M1P572AA,Male,38,A-Level / O-Level,5
05/08/2019 14:03:18,A1E8PIR82KIJEP,Female,23,Bachelor's degree,5
05/08/2019 14:04:18,A1V7SD89P2M326,Male,26,A-Level / O-Level,5
05/08/2019 14:05:47,A2LTGFMW5PUE01,Female,35,Bachelor's degree,5
05/08/2019 14:07:01,AMJF51O7XF7OU,Male,33,A-Level / O-Level,5
05/08/2019 14:13:51,A1CNDBHKOTWDTP,Female,47,Bachelor's degree,5
05/08/2019 14:14:23,A36UNYMDBED99W,Male,70,Bachelor's degree,5
05/08/2019 14:14:59,A1L4WK9O5ALR0L,Female,35,Bachelor's degree,5
05/08/2019 14:20:40,A4FIBA4TLW0NG,Female,19,GCSE,5
05/08/2019 14:25:53,A1K5ILJMG439M5,Female,28,A-Level / O-Level,5
05/08/2019 14:27:28,A1JHK99KCN0O1A,Female,27,Bachelor's degree,5
05/08/2019 14:28:43,A3DNYS7B0V1FQF,Female,39,Bachelor's degree,5
05/08/2019 14:30:38,AVK1TZJ6OT9HY,Female,54,Bachelor's degree,5
05/08/2019 14:33:02,A11BLQKVW1951L,Female,33,Bachelor's degree,5
05/08/2019 14:46:55,A1C1RJJBUKXQL5,Male,34,Master's degree,5
05/08/2019 14:50:54,A3ZFS92VR4I2H,Male,37,Bachelor's degree,5
05/08/2019 14:52:18,AB1O66FQ805EG,Male,28,Bachelor's degree,5
05/08/2019 15:06:25,A2JM1IVEZCXX3U,Male,30,A-Level / O-Level,5
05/08/2019 15:06:53,A22ON3MIIG0IJA,Male,39,A-Level / O-Level,5
05/08/2019 15:10:15,A2MQGU4NZZ8V0H,Male,38,A-Level / O-Level,5
05/08/2019 15:15:26,A277KN9SYH1OLP,Female,51,GCSE,5
05/08/2019 15:16:38,A2VJQNAIZM1OAC,Male,34,PhD,5
05/08/2019 15:21:06,A2DU76P3SED4T6,Female,24,Bachelor's degree,5
05/08/2019 15:23:41,A2CB7WDJ9V6VVN,Female,36,Master's degree,5
05/08/2019 15:24:25,A1GRPIBHW72HDU,Male,30,A-Level / O-Level,5
05/08/2019 15:28:19,A1I0DV4B4MFQCL,Male,31,Bachelor's degree,5
05/08/2019 15:30:14,A2FB9PX5DIEN61,Male,35,Bachelor's degree,5
05/08/2019 15:34:39,A1OSWY0W5KN3QM,Female,31,Bachelor's degree,5
05/08/2019 15:37:00,A3BVHM1M55HIT3,Female,28,A-Level / O-Level,5
05/08/2019 15:39:17,A34Y00EAWB242M,Female,39,Bachelor's degree,5
05/08/2019 15:44:18,A3487U0593RXL7,Male,29,Bachelor's degree,5
05/08/2019 15:45:29,A2YE7NBCK14VAQ,Male,39,GCSE,5
05/08/2019 15:45:57,A1PUIGT83JOHH6,Male,50,GCSE,5
05/08/2019 15:47:35,A3K00L9I9L92BJ,Female,28,Bachelor's degree,5
05/08/2019 15:47:36,A3A0VPWPASCO9J,Male,37,A-Level / O-Level,5
05/08/2019 15:48:45,A3A0VPWPASCO9J,Male,37,GCSE,5
05/08/2019 15:56:31,A37AWU2VH1ZIXX,Female,46,Bachelor's degree,5
05/08/2019 15:57:51,AFUO1VYEFRMO4,Male,32,Bachelor's degree,5
05/08/2019 16:01:13,A20CVSKTLJTTTT,Female,30,GCSE,5
05/08/2019 16:03:18,A3CMWYLWMENHLZ,Male,37,Bachelor's degree,5
05/08/2019 16:04:51,A249M2F9FFNIK2,Male,44,Bachelor's degree,5
05/08/2019 16:07:07,A3104SZBKEKVFM,Female,37,A-Level / O-Level,5
05/08/2019 16:14:12,A3CXK1KSRGU27V,Male,29,GCSE,5
05/08/2019 16:17:58,A18V6RXKP4CQP,Female,27,GCSE,5
05/08/2019 16:18:25,A3IEGJT83U746S,Female,24,Bachelor's degree,5
05/08/2019 16:20:32,A392P0FWKH692Q,Female,29,Bachelor's degree,5
05/08/2019 16:26:47,A2KLUB9HK082CY,Male,19,GCSE,5
05/08/2019 16:36:26,A1EDATQDKE2J0W,Female,31,Bachelor's degree,5
05/08/2019 16:42:46,A2UX7ZJEGGU5,Female,34,A-Level / O-Level,5
06/08/2019 09:35:19,ADLF8HVS3C7IL,Male,26,Bachelor's degree,5
06/08/2019 09:36:36,A1O7NHQ5GTT78D,Female,33,Bachelor's degree,5
06/08/2019 09:37:06,A37LZED187CKU3,Female,36,Bachelor's degree,5
06/08/2019 09:44:41,AZCGF2D7QIO10,Male,22,A-Level / O-Level,5
06/08/2019 09:48:46,A2ZGRB5DEGOG9C,Male,36,GCSE,5
06/08/2019 09:50:01,A3D2GO0IFRFN6R,Female,34,Bachelor's degree,5
06/08/2019 10:05:17,A2P3UQZWK9Y3B3,Female,40,Bachelor's degree,4
06/08/2019 10:06:19,A20XPARTTWNNK2,Male,35,Master's degree,5
06/08/2019 10:11:50,A2P3UQZWK9Y3B3,Female,40,Bachelor's degree,4
06/08/2019 11:31:31,A1K273J5ZRTU1F,Female,31,A-Level / O-Level,5
06/08/2019 11:35:19,A26WJPE2RS98NM,Male,67,Bachelor's degree,5
06/08/2019 11:35:37,A20EAB69CYLD6X,Female,26,Master's degree,5
06/08/2019 11:36:13,A3AHVAXQRWGG7P,Male,67,Bachelor's degree,5
06/08/2019 11:36:31,AUA5PH1FHOW5H,Female,26,Bachelor's degree,5
06/08/2019 11:36:49,A34HWABNHGW5OX,Male,29,Bachelor's degree,5
06/08/2019 11:37:40,AHIUT7MMI2USZ,Male,27,Master's degree,5
06/08/2019 11:38:05,A3Q77FURO5L7L1,Female,55,PhD,5
06/08/2019 11:38:08,A1E1PEJCLK9OAJ,Female,27,Master's degree,5
06/08/2019 11:38:40,A21Y59B9P4BPKB,Male,50,A-Level / O-Level,5
06/08/2019 11:39:09,A4ZADILH503VE,Female,37,Bachelor's degree,1
06/08/2019 11:39:31,ASVSNMYG44JT5,Male,18,GCSE,5
06/08/2019 11:39:41,A3BOYAHBPSMN3I,Male,27,Master's degree,5
06/08/2019 11:39:50,A2HWV497VIPO4I,Male,27,Master's degree,5
06/08/2019 11:39:50,A1CLUVEWDVQXDR,Male,32,Bachelor's degree,5
06/08/2019 11:40:10,A1DK0O56F7GXKB,Male,27,Master's degree,5
06/08/2019 11:40:39,A334WE408DZOTI,Male,30,PhD,5
06/08/2019 11:41:15,ABAPBC3ZHN8B1,Male,23,Bachelor's degree,5
06/08/2019 11:42:23,A3AW99W66Z98FL,Female,30,Bachelor's degree,5
06/08/2019 11:42:29,AUA5PH1FHOW5H,Female,26,Bachelor's degree,5
06/08/2019 11:42:50,A1B4778ETVFAL8,Female,38,A-Level / O-Level,5
06/08/2019 11:46:28,ABAPBC3ZHN8B1,Male,23,Bachelor's degree,5
06/08/2019 11:48:46,A37YR05PEG07FC,Female,34,A-Level / O-Level,5
06/08/2019 11:51:45,A2KYLHBVN9KOBV,Male,26,A-Level / O-Level,5
06/08/2019 11:51:48,A2I7K3ZNGO5IJP,Female,25,Master's degree,5
06/08/2019 11:52:03,A4ZADILH503VE,Female,37,Bachelor's degree,1
06/08/2019 11:54:12,A2MZFHMAEI1RU4,Male,64,Bachelor's degree,5
06/08/2019 11:57:56,A12DQW1BD28IJ6,Male,43,A-Level / O-Level,5
06/08/2019 12:01:03,A2HA7R3TR3TR1A,Female,66,Bachelor's degree,5
06/08/2019 12:01:44,A22G36FU1F9Z75,Female,42,Bachelor's degree,5
06/08/2019 12:03:05,A72UL3TWRN4I6,Male,33,Bachelor's degree,5
06/08/2019 12:07:41,A3QPKML5K16ZQV,Male,30,Master's degree,5
06/08/2019 12:08:29,AVOV9WE1G1R9H,Female,25,Bachelor's degree,5
06/08/2019 12:09:41,A1GYEDGC63N246,Male,52,GCSE,5
06/08/2019 12:12:40,A2BDPHF7HJSNVU,Male,35,A-Level / O-Level,5
06/08/2019 12:13:35,AQC124XS1EHAA,Male,27,A-Level / O-Level,5
06/08/2019 12:16:03,A1B55QAYLIP1QH,Male,35,GCSE,5
06/08/2019 12:22:32,A1DYOWU4U88T9N,Female,21,A-Level / O-Level,5
06/08/2019 12:23:46,A3RZXYMT4ZCAS,Female,36,Master's degree,5
06/08/2019 12:30:51,A2TAVILLTBWTFU,Male,30,Bachelor's degree,5
06/08/2019 12:32:07,A1VQP9A9UREKEW,Female,36,A-Level / O-Level,5
06/08/2019 12:33:05,AXBUMUA2N1FAC,Male,19,A-Level / O-Level,5
06/08/2019 12:37:26,ALLX9BBSRR62N,Male,33,A-Level / O-Level,5
06/08/2019 12:37:47,A3U32D8RWYRVHF,Male,25,Master's degree,4
06/08/2019 12:38:34,A1PMVX45TL5IO6,Male,28,Bachelor's degree,5
06/08/2019 12:40:58,A1W0LZEAMU1B6M,Male,26,Bachelor's degree,5
06/08/2019 12:41:41,ADCDWV9S4TPWZ,Male,26,GCSE,5
06/08/2019 12:44:35,A1KODTQPO671L5,Male,50,Master's degree,5
06/08/2019 12:47:07,A36SNKUPZRJMHX,Female,52,Bachelor's degree,5
06/08/2019 12:49:25,AXE6K5G2HV0MM,Female,20,A-Level / O-Level,5
06/08/2019 12:49:33,ABGUTGJ2E2MD3,Male,38,Bachelor's degree,5
06/08/2019 12:51:46,A3WP60F8N81DD,Male,32,A-Level / O-Level,5
06/08/2019 12:53:32,A232K9H2FGIRXI,Male,31,GCSE,5
06/08/2019 12:55:09,A1G0TVA7CGYM6U,Male,27,Bachelor's degree,5
06/08/2019 12:58:13,A2QUTLR9UQXYWQ,Male,30,A-Level / O-Level,5
06/08/2019 12:59:51,A3OZQL7OJHFDHD,Male,38,Bachelor's degree,4
06/08/2019 13:03:53,A3EV08P3RRDVWU,Male,22,Bachelor's degree,5
06/08/2019 13:05:21,A3LASP57VKHOA3,Female,25,Master's degree,4
06/08/2019 13:07:04,A2VYCWHO5F90DA,Male,38,Bachelor's degree,5
06/08/2019 13:07:07,A2DX9PJPZFJ2WW,Male,31,Bachelor's degree,5
06/08/2019 13:07:13,A1F1MRW28MLCWX,Male,44,Bachelor's degree,5
06/08/2019 13:08:42,A1GPE53YTS8IB7,Female,66,A-Level / O-Level,5
06/08/2019 13:10:21,A2ACBNSQR1VA7M,Female,29,Bachelor's degree,5
06/08/2019 13:11:06,AC609RZM2RUQE,Female,42,Master's degree,5
06/08/2019 13:13:30,A2RSOTIE8SVK0U,Female,53,Bachelor's degree,5
06/08/2019 13:14:31,A20IR7GKHEVFU9,Male,32,Master's degree,5
06/08/2019 13:14:54,A2S1TJO85QL49F,Male,38,Bachelor's degree,5
06/08/2019 13:16:21,A14OGT1KU92YUJ,Male,28,Master's degree,5
06/08/2019 13:16:54,ABF17KDZGOGPS,Female,34,A-Level / O-Level,5
06/08/2019 13:18:35,ABW09XQHUWKK1,Male,56,Bachelor's degree,5
06/08/2019 13:22:11,A2NVZLOJZTXBLH,Female,19,A-Level / O-Level,5
06/08/2019 13:22:46,A3B7YF9RP3SYBU,Female,29,Bachelor's degree,5
06/08/2019 13:24:40,A1XD0KRD03U1QA,Male,25,Bachelor's degree,5
06/08/2019 13:26:44,A280TEDG2D0I1D,Female,38,Bachelor's degree,5
06/08/2019 13:28:56,A15PQEKFJZTB0,Female,24,Bachelor's degree,5
06/08/2019 13:30:03,A2WY7Z0CNXUMVX,Female,35,Master's degree,5
06/08/2019 13:30:49,A3EN7ZQXN53ZJD,Female,27,A-Level / O-Level,5
06/08/2019 13:31:12,AXTXEIVVXTX74,Male,41,GCSE,5
06/08/2019 13:31:29,A29DIZD6CZZDZX,Female,29,Master's degree,5
06/08/2019 13:32:39,A1UZXOMO6BS6I2,Male,23,Bachelor's degree,5
06/08/2019 13:34:36,A3UAS05C6JQPN0,Male,28,A-Level / O-Level,5
06/08/2019 13:39:22,A2V58NAAXCUF6X,Male,20,A-Level / O-Level,5
06/08/2019 13:40:48,A16OTH6EQHJFA,Male,50,A-Level / O-Level,5
06/08/2019 13:41:46,A36J8HOHIY43PR,Female,30,Bachelor's degree,5
06/08/2019 13:42:06,A2WW7R8TGL5MJD,Male,39,Bachelor's degree,5
06/08/2019 13:42:29,A1WLQAGAFA20CB,Male,35,Bachelor's degree,5
06/08/2019 13:42:33,A23HLFYOV789GV,Female,57,Bachelor's degree,5
06/08/2019 13:42:41,A8QHRRWGR85D5,Female,29,A-Level / O-Level,5
06/08/2019 13:44:09,A1EMC5WKSIMCLG,Female,26,Bachelor's degree,5
06/08/2019 13:44:21,A1UGZWT6HTKN0T,Male,21,Bachelor's degree,5
06/08/2019 13:44:46,A15PQEKFJZTB0,Female,24,Bachelor's degree,5
06/08/2019 13:44:53,A3J9SHZJJXCYJ,Female,19,GCSE,5
06/08/2019 13:45:27,A31FJU5XX3DTB0,Male,20,Bachelor's degree,3
06/08/2019 13:45:42,A3SGZ4IG7HUT88,Female,22,A-Level / O-Level,5
06/08/2019 13:45:59,AZP2B9SVTAWPN,Female,30,PhD,5
06/08/2019 13:48:01,A114QMK46LJGUB ,Female,23,GCSE,5
06/08/2019 13:49:26,A1IZTD6S7PGRR4,Male,22,Bachelor's degree,5
06/08/2019 13:52:50,A1SBGEAFIYKXEI,Female,23,Bachelor's degree,5
06/08/2019 13:55:13,A1KMYV3H43LTPS,Female,66,Bachelor's degree,5
06/08/2019 13:55:34,ARI1EMAHUA9PO,Male,41,Bachelor's degree,5
06/08/2019 13:55:52,A1XWLODXABC39N,Male,34,Master's degree,5
06/08/2019 13:56:08,AMMC353RPISVB,Male,35,GCSE,4
06/08/2019 13:57:06,A1XWLODXABC39N,Male,34,Master's degree,5
06/08/2019 13:58:30,A1XLKWRHLEAJUS,Male,26,Bachelor's degree,5
06/08/2019 14:01:03,A3CKDFCICNB074,Male,36,Bachelor's degree,5
06/08/2019 14:02:52,AC53GS6RNZLVE,Male,39,Bachelor's degree,5
06/08/2019 14:06:07,AKBHD3QTIGDOA,Female,35,Bachelor's degree,4
06/08/2019 14:07:09,A136GT8IPR0YUT,Female,33,Bachelor's degree,5
06/08/2019 14:08:09,A2G2HGSQ3T78RP,Male,34,PhD,5
06/08/2019 14:09:43,A1HIKMTF89CIC9,Male,19,GCSE,5
06/08/2019 14:13:59,A10183RHNPF0NB,Male,25,Bachelor's degree,5
06/08/2019 14:16:53,A30WRSVHIK1KYW,Male,43,A-Level / O-Level,5
06/08/2019 14:17:18,A3W066C576T8QY,Female,32,A-Level / O-Level,5
06/08/2019 14:19:59,A1H3SXTSVHRUP7 ,Male,34,Bachelor's degree,5
06/08/2019 14:20:31,A2CPJXQ3JKFF56,Female,24,A-Level / O-Level,5
06/08/2019 14:23:26,A110R6FOC20SSR,Male,35,Bachelor's degree,5
06/08/2019 14:23:45,A2X3O8OGDVDPD6,Male,42,Bachelor's degree,5
06/08/2019 14:24:53,A1CBR5MGIH2VP2,Male,49,Bachelor's degree,4
06/08/2019 14:25:02,A35K3A0S5Y77S3,Male,33,Master's degree,5
06/08/2019 14:28:00,A3BKBBXB3IWUEV,Male,28,PhD,5
06/08/2019 14:28:10,A4GPO50P26RLK,Male,24,GCSE,5
06/08/2019 14:29:22,A2TTGW6HFW5GMK,Female,30,Bachelor's degree,5
06/08/2019 14:29:48,A2O222S6RZVER9,Male,25,Bachelor's degree,5
06/08/2019 14:30:32,A3S3DPLQMUZN5I,Male,33,Bachelor's degree,5
06/08/2019 14:34:21,A1J64L4IRHYZOD,Female,30,Master's degree,4
06/08/2019 14:36:00,A2S8Z7N76GD1FP,Male,35,Bachelor's degree,5
06/08/2019 14:43:03,A33JCPI6HE5FLK,Female,21,Bachelor's degree,5
06/08/2019 14:43:33,AR3LPY7BR2D28,Female,30,PhD,3
06/08/2019 14:43:35,A2LX040QPFYKX7,Female,30,A-Level / O-Level,5
06/08/2019 14:44:26,ANCJV2GUD5PF2,Female,21,Bachelor's degree,5
06/08/2019 14:44:31,A2X6I97LCVNI9A,Male,30,Bachelor's degree,5
06/08/2019 14:48:53,AI1724S19KN4E,Male,35,Bachelor's degree,5
06/08/2019 14:52:39,A3L3PNRQMM5CJ9,Female,33,Master's degree,5
06/08/2019 14:55:22,A186MBH9JN8ED9,Female,29,Bachelor's degree,5
06/08/2019 14:56:25,A1E1A5IS47M82M,Male,30,Bachelor's degree,5
06/08/2019 14:56:26,AVOW8DF41Z7MD,Female,42,Master's degree,5
06/08/2019 14:56:55,A1FJINS24NQMIE,Female,40,Bachelor's degree,5
06/08/2019 14:58:24,AOIE3KTRWCUBN,Female,30,Bachelor's degree,5
06/08/2019 14:58:49,A28PMGVPFFY1KL,Female,28,A-Level / O-Level,5
06/08/2019 15:05:01,A1XQ3PIQAXBFTD,Male,27,Bachelor's degree,5
06/08/2019 15:07:00,A26GNWZQ6K9R96,Female,21,Bachelor's degree,5
06/08/2019 15:09:44,A38EMARW218692,Male,22,Bachelor's degree,5
06/08/2019 15:09:57,A3KP8KFGG6734Q,Female,60,A-Level / O-Level,5
06/08/2019 15:11:05,A3P27PCME7XWOC,Male,18,GCSE,5
06/08/2019 15:12:44,A2U4QPVL7F3BT4,Female,29,Master's degree,5
06/08/2019 15:13:53,A6GL5GSLCGXFR,Female,24,A-Level / O-Level,5
06/08/2019 15:14:32,A2M8M6YDZFPD05,Female,62,A-Level / O-Level,5
06/08/2019 15:14:42,A3K7L0ZZWKAA1E,Male,23,Bachelor's degree,5
06/08/2019 15:16:53,A2VUNMP7I9U6MS,Female,37,PhD,5
06/08/2019 15:17:20,A1KLM658JA6W3V,Female,22,Bachelor's degree,5
06/08/2019 15:17:48,A1TUP3RHNKYKCT,Female,65,GCSE,5
06/08/2019 15:18:49,A23DLX3K161MH3,Female,38,A-Level / O-Level,5
06/08/2019 15:19:34,A3SH8EL6NWLWZS,Female,21,GCSE,5
06/08/2019 15:19:46,A24YYQ69WO6F5K,Female,32,Bachelor's degree,5
06/08/2019 15:20:39,A2RANGOPK67HX9,Female,41,GCSE,5
06/08/2019 15:22:14,A1V4IGF2OD43ZT,Male,27,Bachelor's degree,5
06/08/2019 15:24:24,ACXGNNBH4248S,Female,24,Bachelor's degree,5
06/08/2019 15:24:48,A2K5S80NT1PKK4,Male,56,A-Level / O-Level,5
06/08/2019 15:26:35,A2B58FOOWKNQ8H,Male,25,GCSE,5
06/08/2019 15:26:49,A2ZJCKF0C8ZIZB,Male,22,Bachelor's degree,5
06/08/2019 15:27:54,A324Z1M843E2JR,Female,60,GCSE,5
06/08/2019 15:28:19,A29TQSAJPLXZU7,Female,33,Bachelor's degree,5
06/08/2019 15:31:02,A43S0165CEMIT,Female,30,PhD,5
06/08/2019 15:31:14,A35IC1FM8Z0E2W,Male,37,PhD,5
06/08/2019 15:31:36,A35IC1FM8Z0E2W,Male,37,PhD,5
06/08/2019 15:31:38,A1SN21FSJN22AR,Male,27,Bachelor's degree,5
06/08/2019 15:31:46,A1ZR710QUGFM2Z,Female,21,Bachelor's degree,5
06/08/2019 15:32:20,A15VY1E6KQV4IY,Male,21,Bachelor's degree,5
06/08/2019 15:32:26,ADLEZDMCDVOV6,Female,23,Bachelor's degree,5
06/08/2019 15:32:51,A187JU0YYYM8VC,Male,26,Bachelor's degree,5
06/08/2019 15:33:00,A3QSEKNS4HGECL,Male,23,A-Level / O-Level,5
06/08/2019 15:33:35,A1GUWDME13K9YX,Male,23,Bachelor's degree,5
06/08/2019 15:34:06,A39U9E9UD5CBJL,Female,30,Bachelor's degree,5
06/08/2019 15:35:15,A25VMZB6JJGGBZ,Male,25,Bachelor's degree,5
06/08/2019 15:35:30,A1NG20VQIHT12J,Male,50,A-Level / O-Level,5
06/08/2019 15:37:19,ACXGNNBH4248S,Female,18,A-Level / O-Level,5
06/08/2019 15:37:27,A1YOC0B3ZWPOND,Female,21,Bachelor's degree,5
06/08/2019 15:38:56,A1222GK8ZLKNR2,Female,24,Bachelor's degree,5
06/08/2019 15:40:58,AL9I2FYKDI2DD,Female,44,A-Level / O-Level,5
06/08/2019 15:41:25,A1PP1FS377QA79,Male,19,A-Level / O-Level,4
06/08/2019 15:42:13,A1FIQH93POC8LF,Female,32,Master's degree,5
06/08/2019 15:42:22,A3TON7FVDBDG35,Female,44,PhD,5
06/08/2019 15:43:32,A1QLXSYFXBYUZV,Male,26,GCSE,5
06/08/2019 15:44:01,A2Z6PZ1CYD8NQP,Female,45,Bachelor's degree,5
06/08/2019 15:44:22,AGLIQ5ODCVBNZ,Male,29,Bachelor's degree,5
06/08/2019 15:45:13,AGLIQ5ODCVBNZ,Male,29,Bachelor's degree,5
06/08/2019 15:45:43,A2Z6PZ1CYD8NQP,Female,45,Bachelor's degree,5
06/08/2019 15:45:50,A1P2EKWMHDSYUL,Male,34,Master's degree,5
06/08/2019 15:46:36,A66RQP0XWTJ67,Female,46,Master's degree,5
06/08/2019 15:47:25,AQQNVPGAADJF7,Female,22,Bachelor's degree,5
06/08/2019 15:47:42,AXKQFOQNX7BET,Male,29,GCSE,5
06/08/2019 15:47:48,A12CHBTCTRHH6G,Female,29,GCSE,5
06/08/2019 15:47:52,A2B7A7NSC8GW3T,Male,44,Master's degree,4
06/08/2019 15:49:11,A26ZOTITCH45QB,Male,24,Bachelor's degree,3
06/08/2019 15:51:15,A1R4DY9JOJ2UKZ,Male,42,Bachelor's degree,5
06/08/2019 15:56:30,A2UGUBQ9Q7WUXG,Male,60,A-Level / O-Level,5
06/08/2019 15:58:13,A2COKJLBXHG1FR,Male,24,Bachelor's degree,5
06/08/2019 15:58:17,A1JLYY0DZHDAGR,Male,32,Bachelor's degree,5
06/08/2019 15:59:04,A2COKJLBXHG1FR,Male,24,Bachelor's degree,5
06/08/2019 16:10:07,A2BHNG8FAD9M3Q,Female,31,Bachelor's degree,5
06/08/2019 16:19:50,A35E13N364UR8Q,Male,27,GCSE,5
07/08/2019 09:42:27,A1YSYI926BBOHW,Male,35,Bachelor's degree,5
07/08/2019 09:42:32,ABQ65VUI4C9RK,Male,45,Bachelor's degree,5
07/08/2019 09:42:41,A3QC57KUVJP5EW,Male,28,GCSE,5
07/08/2019 09:42:44,A3KKXA7COL5JHL,Male,40,A-Level / O-Level,5
07/08/2019 09:42:50,AMYHVU1VHLS7B,Male,25,Bachelor's degree,5
07/08/2019 09:42:51,A38DC3BG1ZCVZ2,Female,34,A-Level / O-Level,5
07/08/2019 09:43:00,A2J84AUK1GVTEA,Female,33,GCSE,5
07/08/2019 09:43:03,A1QJ2VPPZG16EG,Female,62,Bachelor's degree,5
07/08/2019 09:43:08,A9JPMRRBFO4NL,Female,33,A-Level / O-Level,5
07/08/2019 09:43:14,A1G0TVA7CGYM6U,Male,27,Master's degree,5
07/08/2019 09:43:15,A38Z99XF4NDNH0,Female,29,GCSE,5
07/08/2019 09:43:18,A2N825X4R5H7EK,Female,32,Bachelor's degree,5
07/08/2019 09:43:21,ALTMSSCYKZS8Z,Male,71,Master's degree,5
07/08/2019 09:43:32,A2SQQLID1CQUHL,Female,30,Master's degree,5
07/08/2019 09:43:32,A13LSQREEVA74R,Male,22,Bachelor's degree,5
07/08/2019 09:43:34,A2HWV497VIPO4I,Male,27,Master's degree,5
07/08/2019 09:43:35,A3ICFFGBUY4WP9,Male,28,Master's degree,5
07/08/2019 09:43:35,APEMGLCQCTKJY,Female,43,GCSE,5
07/08/2019 09:43:36,AWVP6SG9JJT8H,Female,35,Master's degree,5
07/08/2019 09:43:39,A3C5G8LGIAW0XL,Female,37,Bachelor's degree,5
07/08/2019 09:43:46,A10Z4QVBJIA914,Female,46,Bachelor's degree,5
07/08/2019 09:43:47,AQ92TP3I0CLI3,Male,27,Master's degree,5
07/08/2019 09:43:49,A1UDOSYE75OYYI,Male,25,Bachelor's degree,5
07/08/2019 09:44:01,A36JTIZPOO2HO5,Male,30,Master's degree,5
07/08/2019 09:44:03,A3N937NUPHW984,Male,30,A-Level / O-Level,5
07/08/2019 09:44:16,A1Y9HO4NUIUU36,Male,39,Bachelor's degree,5
07/08/2019 09:44:17,A192MH226Q1NT4,Female,25,Bachelor's degree,5
07/08/2019 09:44:20,A16E8D19L0Z3AH,Male,30,Master's degree,5
07/08/2019 09:44:21,A1YZENV2T63DTL,Male,33,Bachelor's degree,5
07/08/2019 09:44:23,A30KYQGABO7JER,Female,34,Bachelor's degree,4
07/08/2019 09:44:32,A3HVFSD8K94SOR,Female,53,Master's degree,5
07/08/2019 09:44:37,A17LF7GCAFYMSL,Male,40,Bachelor's degree,5
07/08/2019 09:44:46,A24BRTWG07T53Z,Male,41,Bachelor's degree,5
07/08/2019 09:44:50,AJTLLYV8O5FQU,Female,61,A-Level / O-Level,5
07/08/2019 09:44:54,A31U7VGTEOY2RG,Female,48,Bachelor's degree,5
07/08/2019 09:45:00,AYUZGGAGNM9FT,Male,38,Master's degree,5
07/08/2019 09:45:05,A1S88VQY8G8CNC,Male,63,Bachelor's degree,5
07/08/2019 09:45:10,AW5O1RK3W60FC,Female,57,Bachelor's degree,5
07/08/2019 09:45:12,A2NTF7F9IQNBJE,Male,28,Master's degree,5
07/08/2019 09:45:15,A324VBRLXHG5IB,Female,40,Bachelor's degree,5
07/08/2019 09:45:29,AKPXWXJFLHM08,Female,26,Bachelor's degree,5
07/08/2019 09:46:01,A1743SW4PVSWWF,Male,30,Master's degree,5
07/08/2019 09:46:07,A101TTS7WAVXAV,Male,40,Master's degree,5
07/08/2019 09:46:23,A1XQW6ZWAMJ039,Female,35,Master's degree,5
07/08/2019 09:46:35,ABDXLB3YCM6XY,Female,50,Bachelor's degree,5
07/08/2019 09:46:35,A3NGEIHH9C7VF9,Female,30,Master's degree,5
07/08/2019 09:46:38,A339L5YF2O6773,Male,28,Bachelor's degree,3
07/08/2019 09:46:39,A1O67YS3DU0ZHX,Female,36,A-Level / O-Level,5
07/08/2019 09:46:49,AYW62R027PUT1,Male,44,Bachelor's degree,5
07/08/2019 09:47:04,A2HWI9VMT3WUWQ,Female,30,Master's degree,5
07/08/2019 09:47:11,A3TS2NCBAB9L6V,Male,35,Bachelor's degree,5
07/08/2019 09:47:15,A38G96U9JZU3CW,Male,28,Bachelor's degree,5
07/08/2019 09:47:22,A371H3PQPR2Z8J,Male,59,Bachelor's degree,5
07/08/2019 09:47:25,A1A0OTKVK1YXXD,Male,24,Bachelor's degree,5
07/08/2019 09:47:45,A11FRLH5KWRLBV,Male,34,Bachelor's degree,5
07/08/2019 09:48:08,A23K0YTNUJ0GKR,Female,55,Master's degree,5
07/08/2019 09:48:09,A53VYIFCCASOA,Female,51,Master's degree,5
07/08/2019 09:48:11,AQRUNGSZE3IB4,Male,32,Bachelor's degree,5
07/08/2019 09:48:16,AW5O1RK3W60FC,Female,57,Bachelor's degree,5
07/08/2019 09:48:31,AF18OIZ0GWGP2,Female,44,Bachelor's degree,5
07/08/2019 09:48:48,A1TRF4LZ3OXMGT,Male,30,Bachelor's degree,5
07/08/2019 09:48:55,AISNLDPD2DFEG,Female,46,Bachelor's degree,4
07/08/2019 09:48:56,AHSXMZBNS9BPA,Female,68,Bachelor's degree,5
07/08/2019 09:49:08,A3UUH3632AI3ZX,Female,34,Bachelor's degree,5
07/08/2019 09:49:23,A2DDLZD87UHANI,Female,46,A-Level / O-Level,5
07/08/2019 09:49:39,A1G94QON7A9K0N,Female,41,GCSE,5
07/08/2019 09:49:54,A3MDU0KP6F46FP,Male,29,Bachelor's degree,5
07/08/2019 09:51:01,A2I4VNAS21FXCE,Male,48,A-Level / O-Level,5
07/08/2019 09:51:11,A21LB023L14XC1,Female,31,Bachelor's degree,5
07/08/2019 09:51:12,A3EOMO1FSXS3VB,Female,28,Bachelor's degree,5
07/08/2019 09:51:41,A2XRTITADBPWK6,Male,24,Master's degree,5
07/08/2019 09:51:45,ANAMC3ZC5WZ88,Female,31,Master's degree,5
07/08/2019 09:52:08,A2B7SPYBPF7H8I,Female,51,A-Level / O-Level,5
07/08/2019 09:52:15,A3HL2LL0LEPZT8,Male,34,Bachelor's degree,5
07/08/2019 09:52:17,A101TTS7WAVXAV,Male,40,Master's degree,5
07/08/2019 09:52:29,A2ZDXFFGSPHGBE,Male,30,Bachelor's degree,5
07/08/2019 09:52:45,A3D9DWZK2IS3RE,Male,27,Bachelor's degree,5
07/08/2019 09:52:48,A1WE7JOOWZSMHF,Male,25,Bachelor's degree,5
07/08/2019 09:53:09,A32W24TWSWXW,Female,49,Bachelor's degree,5
07/08/2019 09:53:24,APY5858P6BTDY,Male,32,Bachelor's degree,4
07/08/2019 09:53:27,AKW57KYG90X61,Male,24,Bachelor's degree,4
07/08/2019 09:53:31,A1N20GC9EU68W7,Female,36,Bachelor's degree,5
07/08/2019 09:54:01,A2RMJNF6IPI42F,Female,35,Bachelor's degree,5
07/08/2019 09:54:02,A1M1TSMJB12177,Male,61,Bachelor's degree,5
07/08/2019 09:54:04,A2Q3GA2XN36PSX,Female,33,Master's degree,5
07/08/2019 09:54:17,A83OOIGU4606R,Female,38,Bachelor's degree,5
07/08/2019 09:54:35,A14WLAP6TCEKO0,Male,35,Bachelor's degree,5
07/08/2019 09:54:39,A101TTS7WAVXAV,Male,40,Master's degree,5
07/08/2019 09:54:47,A1J3SGG3MG1HYB,Male,30,Master's degree,5
07/08/2019 09:55:00,AK6J233HNO2S1,Male,27,Bachelor's degree,3
07/08/2019 09:55:11,A1F1BIPJR11LSR,Female,33,A-Level / O-Level,5
07/08/2019 09:55:32,AJM4334V07JDQ,Male,40,Bachelor's degree,5
07/08/2019 09:55:36,A2C9CDKYOV3R3C,Female,56,A-Level / O-Level,5
07/08/2019 09:56:03,A1FYS4T8BCR1AT,Male,27,Bachelor's degree,5
07/08/2019 09:56:38,A1Y6VW621TEYXN,Male,26,Bachelor's degree,5
07/08/2019 09:57:24,A2VYCWHO5F90DA,Male,38,A-Level / O-Level,5
07/08/2019 09:58:15,ASVRLMDNQBUD9,Male,39,Bachelor's degree,5
07/08/2019 09:58:17,A12HWPFXQPITHD,Male,28,Bachelor's degree,5
07/08/2019 09:58:23,A1WJU1IQ3UTRC6,Male,40,A-Level / O-Level,5
07/08/2019 09:58:28,AL44289RBKXUT,Male,26,A-Level / O-Level,5
07/08/2019 09:58:36,AICLPVNM3OUQ2,Male,63,GCSE,5
07/08/2019 09:58:37,AJSOA5J0L6I3C,Male,28,Master's degree,5
07/08/2019 09:58:59,A25WD1TRNQVH3L,Male,25,Bachelor's degree,5
07/08/2019 10:02:46,A37V2BNHM204M7,Male,41,Bachelor's degree,5
07/08/2019 10:02:48,AIC2D8A9UQO8S,Male,37,Bachelor's degree,5
07/08/2019 10:03:17,A39FJ7RWX4B9JZ,Female,43,Bachelor's degree,5
07/08/2019 10:03:22,A322SGIJC9EPN9,Male,40,Bachelor's degree,5
07/08/2019 10:04:32,AN4LGL36CS4P0,Male,23,GCSE,5
07/08/2019 10:04:34,A3UC9N3EEE6733,Male,22,Bachelor's degree,5
07/08/2019 10:05:09,AQSYTIT87S1TC,Female,20,Bachelor's degree,5
07/08/2019 10:05:03,A2SY4E7MRC15MM,Male,41,A-Level / O-Level,5
07/08/2019 10:06:19,A2BXQ8SZLFQF4D,Female,57,Bachelor's degree,5
07/08/2019 10:08:33,A15LHHN76OW2UM,Male,59,GCSE,5
07/08/2019 10:09:02,A1CFPKUOCGJIM6,Female,39,A-Level / O-Level,5
07/08/2019 10:09:35,A214SYJ4S05Y2A,Male,59,Bachelor's degree,5
07/08/2019 10:09:48,A2REBBMVBFBWFD,Male,44,A-Level / O-Level,5
07/08/2019 10:10:15,AX29XXI8QOSC6,Male,46,A-Level / O-Level,5
07/08/2019 10:10:31,A53S7J4JGWG38,Male,42,Bachelor's degree,5
07/08/2019 10:10:55,94XGJQVM38,Female,45,Bachelor's degree,5
07/08/2019 10:11:01, A2YB18JHC2C7GF,Female,67,GCSE,5
07/08/2019 10:11:59,A27SRSSZ8JXUHM,Male,43,Bachelor's degree,5
07/08/2019 10:12:11,ABX5OQLR6UNBC,Female,46,GCSE,5
07/08/2019 10:12:52,A36XHAJW27C8R4,Female,23,A-Level / O-Level,5
07/08/2019 10:13:08,A37EV8RZ82WT8E,Male,30,A-Level / O-Level,5
07/08/2019 10:13:46,A2Q0LZUZO1T2KN,Female,29,Bachelor's degree,5
07/08/2019 10:13:49,A29ZQYDG9Q6TPK,Male,35,Bachelor's degree,5
07/08/2019 10:14:00,AWQESFGETHR,Female,28,Bachelor's degree,5
07/08/2019 10:14:12,A7WJINDR01OCU,Female,28,Bachelor's degree,5
07/08/2019 10:15:41,AXBUMUA2N1FAC,Male,19,Bachelor's degree,5
07/08/2019 10:18:41,A1YGF0LJJGB30G`,Male,38,GCSE,5
07/08/2019 10:19:07,A3141EW4WZT4Q0,Female,32,Bachelor's degree,4
07/08/2019 11:45:37,A17LF7GCAFYMSL,Male,39,Bachelor's degree,5
07/08/2019 12:00:00,A27NBGO9FXJS8Q,Male,31,Bachelor's degree,5
07/08/2019 12:06:16,A2IGPW784OFV3D,Male,30,GCSE,5
07/08/2019 12:18:21,A2WGW5Y3ZFBDEC,Male,48,Bachelor's degree,5
07/08/2019 12:39:02,A15X0MSBZ74TFT,Female,49,GCSE,5
07/08/2019 12:41:06,A1V2H0UF94ATWY,Male,59,A-Level / O-Level,5
07/08/2019 12:46:23,A3F8G26PENQ6EO,Female,30,Bachelor's degree,5
07/08/2019 12:48:12,A2VFEDAK5C1E1O,Male,38,A-Level / O-Level,5
07/08/2019 12:59:30,A3RRDLX4HYGGPR,Female,23,A-Level / O-Level,5
07/08/2019 13:37:06,A23Q978GYHTPD3,Male,25,Master's degree,4
07/08/2019 13:43:21,A1DS5O8MSI3ZH0,Male,42,Bachelor's degree,5
07/08/2019 14:09:57,A2UUKFTD0VUX2S,Male,33,Bachelor's degree,5
07/08/2019 14:35:42,A1BHR5XQ16T7LA,Male,51,GCSE,5
07/08/2019 14:39:29,AMYHVU1VHLS7B,Male,25,Bachelor's degree,5
07/08/2019 14:41:13,A1P3J34DH57JNB,Female,34,Bachelor's degree,5
07/08/2019 14:42:10,ACVEFRSUAPSEQ,Female,49,A-Level / O-Level,5
07/08/2019 14:43:28,A1P3J34DH57JNB,Female,34,Bachelor's degree,5
07/08/2019 14:45:37,A2EED3HLTA96CP,Female,43,Bachelor's degree,5
07/08/2019 14:46:06,AA4O2W236E3FW,Female,47,GCSE,5
07/08/2019 14:47:04,A1N18MITH00IW7,Male,31,Master's degree,5
07/08/2019 14:47:17,A3CWW9DIL73I14,Female,37,A-Level / O-Level,5
07/08/2019 14:50:29,ARB80JPV0HQ5O,Male,32,Bachelor's degree,5
07/08/2019 14:54:30,ABMPX2Y2IRBMG,Male,34,Master's degree,5
07/08/2019 14:55:41,A3M8O363B3IAKE,Male,44,A-Level / O-Level,5
07/08/2019 15:10:11,AJW3PL5UDH4BP,Male,36,Bachelor's degree,5
07/08/2019 15:20:50,A1GIIPCG4JB7R5,Female,28,Bachelor's degree,5
07/08/2019 15:21:41,A279HK0GY9PIJ0,Female,24,Bachelor's degree,5
07/08/2019 15:51:21,A1GKD3NG1NNHRP,Female,59,A-Level / O-Level,5
07/08/2019 15:51:33,A2BXQ8SZLFQF4D,Female,57,Bachelor's degree,5
07/08/2019 16:21:56,A30UE6DWFNUCWX,Female,30,Bachelor's degree,5
07/08/2019 19:59:15,A2I2M82BJGHZ04,Male,32,Bachelor's degree,5
07/08/2019 20:09:52,A2EJOI2VIRMIR,Male,21,Bachelor's degree,5
07/08/2019 20:31:05,AGRKG3YT3KMD8,Male,33,Bachelor's degree,5
07/08/2019 20:36:46,A3MYPYBVHX7FQ2,Male,48,Bachelor's degree,5
07/08/2019 20:39:19,ACAJFF4MF5S5X,Female,41,A-Level / O-Level,5
07/08/2019 20:40:45,A3MHKFOJIXO7QN,Male,25,Bachelor's degree,5
07/08/2019 21:13:46,A7YK2E0G9N9HC,Male,30,Bachelor's degree,4
07/08/2019 21:15:44,A7YK2E0G9N9HC,Male,30,Bachelor's degree,4
07/08/2019 21:29:44,ALKQPW0O9C98N,Female,46,Bachelor's degree,5
07/08/2019 21:35:45,A2A8SIW7CX1PGJ,Male,22,Bachelor's degree,5
07/08/2019 21:40:40,A2G7DTL156PTKA,Female,35,Bachelor's degree,5
07/08/2019 22:06:11,ASWUMQF7O1GW5,Male,51,Bachelor's degree,5
07/08/2019 22:07:30,A37VBAMFEQKJO4,Male,53,A-Level / O-Level,5
08/08/2019 09:31:02,AKW57KYG90X61,Male,24,Bachelor's degree,5
08/08/2019 09:31:50,A4T50ODN6SGNR,Male,38,Bachelor's degree,5
08/08/2019 09:36:34,APL2VQM32UG4X,Male,31,A-Level / O-Level,5